,word,true,pred
0,wie,O,O
1,suster,O,O
2,lisebette,B-PERS,B-PERS
3,bi,O,O
4,den,O,O
5,ghedoghe,O,O
6,van,O,O
7,gode,B-PERS,B-PERS
8,abdesse,O,O
9,va,O,O
10,sinte,O,O
11,clare,B-PERS,O
12,typre,B-LOC,B-LOC
13,kenne,O,O
14,dat,O,O
15,jc,O,O
16,hebbe,O,O
17,ontfanghen,O,O
18,van,O,O
19,der,O,O
20,steide,O,O
21,va,O,O
22,ypre,B-LOC,B-LOC
23,in,O,O
24,de,O,O
25,name,O,O
26,en,O,O
27,ouer,O,O
28,suster,O,O
29,kateline,B-PERS,B-PERS
30,smisen,I-PERS,I-PERS
31,nonne,O,O
32,in,O,O
33,onsen,O,O
34,clooster,O,O
35,xxiiij,B-MONEY,B-MONEY
36,lb,I-MONEY,I-MONEY
37,par,I-MONEY,I-MONEY
38,als,O,O
39,va,O,O
40,de,O,O
41,paiemente,O,O
42,dat,O,O
43,haer,O,O
44,viel,O,O
45,de,O,O
46,xvsten,B-DATE,O
47,dach,I-DATE,O
48,va,I-DATE,O
49,lau,I-DATE,O
50,maent,I-DATE,O
51,va,O,O
52,de,O,O
53,welke,O,O
54,paimente,O,O
55,voors,O,O
56,en,O,O
57,van,O,O
58,alle,O,O
59,verleidene,O,O
60,paiemente,O,O
61,en,O,O
62,al,O,O
63,dat,O,O
64,atouchieren,O,O
65,mach,O,O
66,omme,O,O
67,cause,O,O
68,van,O,O
69,der,O,O
70,vors,O,O
71,lijf,O,O
72,rente,O,O
73,houdic,O,O
74,mi,O,O
75,wel,O,O
76,vernouch,O,O
77,in,O,O
78,de,O,O
79,name,O,O
80,en,O,O
81,houer,O,O
82,suster,O,O
83,kateline,B-PERS,B-PERS
84,voors,O,O
85,in,O,O
86,kennesse,O,O
87,der,O,O
88,wareide,O,O
89,so,O,O
90,hebbe,O,O
91,jc,O,O
92,abdesse,O,O
93,voors,O,O
94,deise,O,O
95,lre,O,O
96,gheseighelt,O,O
97,met,O,O
98,minen,O,O
99,zeighele,O,O
100,hute,O,O
101,hanghende,O,O
102,int,O,O
103,jaer,O,O
104,nos,O,O
105,heren,O,O
106,als,O,O
107,men,O,O
108,screef,O,O
109,mccc,B-DATE,B-DATE
110,iiijxx,I-DATE,I-DATE
111,en,I-DATE,I-DATE
112,xix,I-DATE,I-DATE
113,den,I-DATE,I-DATE
114,xvsten,I-DATE,I-DATE
115,dach,I-DATE,I-DATE
116,van,I-DATE,I-DATE
117,lau,I-DATE,I-DATE
118,maent,I-DATE,I-DATE
119,jc,O,O
120,suster,O,O
121,lisebette,B-PERS,B-PERS
122,bi,O,O
123,den,O,O
124,ghedoghe,O,O
125,van,O,O
126,gode,B-PERS,B-PERS
127,abdesse,O,O
128,van,O,O
129,sijnte,O,O
130,clare,B-PERS,O
131,typre,B-LOC,B-LOC
132,kenne,O,O
133,dat,O,O
134,ic,O,O
135,hebbe,O,O
136,ontfangen,O,O
137,van,O,O
138,der,O,O
139,steide,O,O
140,van,O,O
141,ypre,B-LOC,B-LOC
142,jn,O,O
143,de,O,O
144,name,O,O
145,en,O,O
146,ou,O,O
147,suster,O,O
148,marie,B-PERS,B-PERS
149,belles,I-PERS,I-PERS
150,nonne,O,O
151,in,O,O
152,onsen,O,O
153,clooster,O,O
154,ix,B-MONEY,B-MONEY
155,lb,I-MONEY,I-MONEY
156,par,I-MONEY,I-MONEY
157,als,O,O
158,van,O,O
159,den,O,O
160,payemente,O,O
161,dat,O,O
162,haer,O,O
163,viel,O,O
164,den,O,O
165,eerste,B-DATE,O
166,dach,I-DATE,O
167,van,I-DATE,O
168,october,I-DATE,O
169,van,O,O
170,denwelke,O,O
171,payemente,O,O
172,vors,O,O
173,en,O,O
174,van,O,O
175,allen,O,O
176,verleidene,O,O
177,payementen,O,O
178,en,O,O
179,van,O,O
180,al,O,O
181,dat,O,O
182,atoutchieren,O,O
183,mach,O,O
184,om,O,O
185,cause,O,O
186,van,O,O
187,der,O,O
188,voors,O,O
189,lijfrente,O,O
190,scelde,O,O
191,derof,O,O
192,quite,O,O
193,der,O,O
194,vors,O,O
195,steide,O,O
196,ou,O,O
197,suster,O,O
198,marie,B-PERS,B-PERS
199,vors,O,O
200,jn,O,O
201,kennessen,O,O
202,der,O,O
203,wareide,O,O
204,so,O,O
205,hebbic,O,O
206,abdesse,O,O
207,vors,O,O
208,deise,O,O
209,lre,O,O
210,gheseighelt,O,O
211,met,O,O
212,mine,O,O
213,zeighele,O,O
214,ute,O,O
215,jnt,O,O
216,jaer,O,O
217,m,B-DATE,O
218,ccc,I-DATE,O
219,iiijxx,I-DATE,O
220,en,I-DATE,O
221,twelleue,I-DATE,O
222,wij,O,O
223,henric,B-PERS,B-PERS
224,here,O,I-PERS
225,van,O,O
226,helebeque,B-LOC,B-PERS
227,ruddre,O,I-PERS
228,michiel,B-PERS,B-PERS
229,queke,I-PERS,I-PERS
230,maes,B-PERS,B-PERS
231,coppin,I-PERS,I-PERS
232,joos,B-PERS,O
233,van,I-PERS,O
234,dentrighe,I-PERS,O
235,ende,O,O
236,jhan,B-PERS,B-PERS
237,droom,I-PERS,I-PERS
238,scepen,O,O
239,van,O,O
240,den,O,O
241,ypperschen,O,O
242,ambachte,O,O
243,doen,O,O
244,te,O,O
245,weitene,O,O
246,allen,O,O
247,lieden,O,O
248,dat,O,O
249,brixis,B-PERS,O
250,de,I-PERS,O
251,vos,I-PERS,O
252,poorter,O,O
253,typpre,B-LOC,B-LOC
254,heift,O,O
255,ghecocht,O,O
256,ende,O,O
257,ghecreghen,O,O
258,eruelijcke,O,O
259,tzinen,O,O
260,bouf,O,O
261,ende,O,O
262,tziins,O,O
263,hoirs,O,O
264,bouf,O,O
265,jeghe,O,O
266,h,O,O
267,jhanne,B-PERS,B-PERS
268,broederlam,I-PERS,I-PERS
269,ende,O,O
270,joncfrauwe,O,O
271,kerstine,B-PERS,B-PERS
272,zine,O,O
273,wiue,O,O
274,ses,O,O
275,ymete,O,O
276,een,O,O
277,line,O,O
278,seuentich,O,O
279,roeden,O,O
280,ende,O,O
281,een,O,O
282,half,O,O
283,lands,O,O
284,litel,O,O
285,min,O,O
286,of,O,O
287,meer,O,O
288,ligghende,O,O
289,onder,O,O
290,mine,O,O
291,here,O,O
292,van,O,O
293,vlaendren,B-LOC,B-PERS
294,bin,O,O
295,den,O,O
296,yppschen,O,O
297,ambochte,O,O
298,jn,O,O
299,de,O,O
300,prochie,O,O
301,van,O,O
302,sinte,B-LOC,B-LOC
303,jacops,I-LOC,I-LOC
304,vp,O,O
305,de,O,O
306,zinnebeicstrate,B-LOC,B-LOC
307,an,O,O
308,de,O,O
309,zuud,O,O
310,zide,O,O
311,jn,O,O
312,drien,O,O
313,parchelen,O,O
314,dats,O,O
315,te,O,O
316,weitene,O,O
317,viere,O,O
318,ymete,O,O
319,een,O,O
320,line,O,O
321,ende,O,O
322,elleuen,O,O
323,roeden,O,O
324,lands,O,O
325,tussche,O,O
326,den,O,O
327,lande,O,O
328,van,O,O
329,den,O,O
330,gasthuse,O,O
331,ter,O,O
332,belle,O,O
333,of,O,O
334,een,O,O
335,zide,O,O
336,ende,O,O
337,den,O,O
338,lande,O,O
339,lamsins,B-PERS,B-PERS
340,crenys,I-PERS,I-PERS
341,of,O,O
342,andre,O,O
343,zide,O,O
344,jt,O,O
345,een,O,O
346,ymet,O,O
347,lants,O,O
348,tussche,O,O
349,den,O,O
350,lande,O,O
351,dat,O,O
352,wilen,O,O
353,was,O,O
354,joris,B-PERS,B-PERS
355,murgaleids,I-PERS,O
356,of,O,O
357,een,O,O
358,zide,O,O
359,en,O,O
360,sher,O,O
361,jans,B-PERS,B-PERS
362,vroeden,I-PERS,O
363,land,O,O
364,of,O,O
365,andere,O,O
366,jtem,O,O
367,een,O,O
368,ymet,O,O
369,neghene,O,O
370,en,O,O
371,vichtich,O,O
372,roeden,O,O
373,lande,O,O
374,tusschen,O,O
375,den,O,O
376,lande,O,O
377,svoors,O,O
378,h,O,O
379,jhans,B-PERS,B-PERS
380,vroeden,I-PERS,O
381,of,O,O
382,een,O,O
383,zide,O,O
384,en,O,O
385,den,O,O
386,lande,O,O
387,willems,B-PERS,B-PERS
388,van,I-PERS,I-PERS
389,paskendale,I-PERS,I-PERS
390,of,O,O
391,ander,O,O
392,zide,O,O
393,van,O,O
394,den,O,O
395,welken,O,O
396,cope,O,O
397,de,O,O
398,voors,O,O
399,vercopers,O,O
400,houden,O,O
401,hem,O,O
402,vernoucht,O,O
403,lyen,O,B-PERS
404,vulgoden,O,O
405,ende,O,O
406,hebbent,O,O
407,vp,O,O
408,ghedreghen,O,O
409,quite,O,O
410,ghescolden,O,O
411,ende,O,O
412,halm,O,O
413,ende,O,O
414,ghifte,O,O
415,gheworpen,O,O
416,den,O,O
417,voors,O,O
418,copre,O,O
419,wel,O,O
420,en,O,O
421,wettelike,O,O
422,naer,O,O
423,costume,O,O
424,ende,O,O
425,vsagen,O,O
426,van,O,O
427,den,O,O
428,ypperschen,O,O
429,ambachte,O,O
430,ende,O,O
431,hebbens,O,O
432,hem,O,O
433,ghewed,O,O
434,ende,O,O
435,ghelooft,O,O
436,jn,O,O
437,waerscep,O,O
438,zonder,O,O
439,calaenge,O,O
440,jeghen,O,O
441,allen,O,O
442,lieden,O,O
443,quite,O,O
444,land,O,O
445,ome,O,O
446,quite,O,O
447,ghelt,O,O
448,behouden,O,O
449,sheren,O,O
450,chens,O,O
451,vute,O,O
452,ghaende,O,O
453,jn,O,O
454,oorconscepen,O,O
455,van,O,O
456,deisen,O,O
457,dinghen,O,O
458,so,O,O
459,hebben,O,O
460,wij,O,O
461,scepen,O,O
462,voors,O,O
463,dese,O,O
464,pnte,O,O
465,lettre,O,O
466,ghezeghelt,O,O
467,met,O,O
468,ons,O,O
469,propren,O,O
470,zeglen,O,O
471,jnt,O,O
472,jaer,O,O
473,m,B-DATE,O
474,ccc,I-DATE,O
475,iiijxx,I-DATE,O
476,ende,I-DATE,O
477,tiene,I-DATE,O
478,den,I-DATE,O
479,xvjsten,I-DATE,O
480,dach,I-DATE,O
481,jn,I-DATE,O
482,septembre,I-DATE,B-DATE
483,jn,O,O
484,den,O,O
485,name,O,O
486,ons,O,O
487,heen,O,O
488,heeft,O,O
489,ghemaect,O,O
490,de,O,O
491,haude,O,O
492,gheeraert,B-PERS,B-PERS
493,raephoeft,I-PERS,I-PERS
494,zine,O,O
495,ordinache,O,O
496,en,O,O
497,vtste,O,O
498,wille,O,O
499,eerst,O,O
500,beuelende,O,O
501,he,O,O
502,en,O,O
503,sine,O,O
504,ziele,O,O
505,zine,O,O
506,sceppe,O,O
507,den,O,O
508,ghebenediden,O,O
509,vader,O,O
510,va,O,O
511,hemelrike,O,O
512,ziner,O,O
513,ghebenedid,O,O
514,moed,O,O
515,en,O,O
516,allen,O,O
517,gods,B-PERS,B-PERS
518,heleghen,O,O
519,en,O,O
520,wille,O,O
521,voert,O,O
522,dat,O,O
523,nees,B-PERS,B-PERS
524,fuex,I-PERS,I-PERS
525,die,O,O
526,me,O,O
527,seit,O,O
528,vranx,B-PERS,B-PERS
529,hebbe,O,O
530,en,O,O
531,behaude,O,O
532,paisiuel,O,O
533,vijf,O,O
534,halst,O,O
535,en,O,O
536,eene,O,O
537,viertale,O,O
538,mesteluus,O,O
539,binne,O,O
540,iiij,O,B-MONEY
541,d,O,I-MONEY
542,naest,O,I-MONEY
543,den,O,O
544,beste,O,O
545,taudenaerde,B-LOC,B-LOC
546,te,O,O
547,leuerne,O,O
548,te,O,O
549,hare,O,O
550,liue,O,O
551,en,O,O
552,daer,O,O
553,toe,O,O
554,een,B-MONEY,O
555,pont,I-MONEY,O
556,gro,I-MONEY,O
557,tsiaers,O,O
558,oec,O,O
559,te,O,O
560,hare,O,O
561,liue,O,O
562,op,O,O
563,sine,O,O
564,huse,O,O
565,en,O,O
566,herue,O,O
567,staende,O,O
568,te,O,O
569,pamele,B-LOC,B-LOC
570,an,O,O
571,deen,O,O
572,zide,O,O
573,naest,O,O
574,gheeraerts,B-PERS,B-PERS
575,van,O,I-PERS
576,de,O,I-PERS
577,hende,O,I-PERS
578,en,O,O
579,an,O,O
580,dand,O,O
581,zide,O,O
582,naest,O,O
583,jan,B-PERS,B-PERS
584,vranx,I-PERS,I-PERS
585,in,O,O
586,diere,O,O
587,cdicie,O,O
588,dat,O,O
589,zijn,O,O
590,hoir,O,O
591,hare,O,O
592,besette,O,O
593,moghe,O,O
594,binne,O,O
595,vrihede,O,O
596,daer,O,O
597,zij,O,O
598,alsoe,O,O
599,wel,O,O
600,beset,O,O
601,zijn,O,O
602,ofte,O,O
603,bet,O,O
604,voert,O,O
605,so,O,O
606,heeft,O,O
607,de,O,O
608,vors,O,O
609,gheer,B-PERS,B-PERS
610,ghegheue,O,O
611,en,O,O
612,gheeft,O,O
613,ziere,O,O
614,met,O,O
615,rine,B-PERS,O
616,gheeraerts,I-PERS,B-PERS
617,docht,O,O
618,zijns,O,O
619,soens,O,O
620,een,O,O
621,buure,O,O
622,mersche,O,O
623,lettel,O,O
624,min,O,O
625,of,O,O
626,meer,O,O
627,eewelijc,O,O
628,duerende,O,O
629,ne,O,O
630,mare,O,O
631,dat,O,O
632,gheer,B-PERS,B-PERS
633,vors,O,O
634,vercoepe,O,O
635,mochte,O,O
636,op,O,O
637,dat,O,O
638,hi,O,O
639,wilde,O,O
640,maer,O,O
641,hi,O,O
642,wille,O,O
643,dat,O,O
644,zijn,O,O
645,zone,O,O
646,en,O,O
647,zijn,O,O
648,docht,O,O
649,dit,O,O
650,goet,O,O
651,note,O,O
652,en,O,O
653,ploten,O,O
654,euenghelijc,O,O
655,toet,O,O
656,an,O,O
657,der,O,O
658,tijt,O,O
659,dat,O,O
660,sine,O,O
661,metne,O,O
662,vors,O,O
663,groet,O,O
664,ghenouch,O,O
665,es,O,O
666,te,O,O
667,treckene,O,O
668,te,O,O
669,huweleke,O,B-LOC
670,of,O,O
671,te,O,O
672,eeneghe,O,O
673,andre,O,O
674,state,O,O
675,dan,O,O
676,wilt,O,O
677,gheer,B-PERS,B-PERS
678,vors,O,O
679,dat,O,O
680,zout,O,O
681,heffe,O,O
682,eewelijc,O,O
683,en,O,O
684,erfelijc,O,O
685,maer,O,O
686,stoorf,O,O
687,ze,O,O
688,zond,O,O
689,eenech,O,O
690,wettelijc,O,O
691,hoir,O,O
692,bute,O,O
693,huwelike,O,O
694,ofte,O,O
695,eeneghe,O,O
696,bande,O,O
697,van,O,O
698,religioene,O,O
699,so,O,O
700,wilt,O,O
701,gheer,B-PERS,B-PERS
702,vors,O,O
703,dat,O,O
704,de,O,O
705,gront,O,O
706,vors,O,O
707,altoes,O,O
708,keere,O,O
709,te,O,O
710,sine,O,O
711,hoire,O,O
712,waert,O,O
713,jt,O,O
714,gheeft,O,O
715,gheer,B-PERS,B-PERS
716,vors,O,O
717,noch,O,O
718,ziner,O,O
719,metrine,O,B-PERS
720,vors,O,O
721,zijn,O,O
722,bedde,O,O
723,daer,O,O
724,hi,O,O
725,op,O,O
726,leit,O,O
727,met,O,O
728,al,O,O
729,dattertoe,O,O
730,behoert,O,O
731,jt,O,O
732,gheeft,O,O
733,gheer,B-PERS,B-PERS
734,vors,O,O
735,mine,O,O
736,hee,O,O
737,va,O,O
738,eename,B-LOC,B-LOC
739,en,O,O
740,sine,O,O
741,couete,O,O
742,zesse,B-MONEY,B-MONEY
743,ponde,I-MONEY,I-MONEY
744,par,I-MONEY,I-MONEY
745,op,O,O
746,de,O,O
747,tijt,O,O
748,dat,O,O
749,me,O,O
750,sine,O,O
751,huutvaert,O,O
752,doen,O,O
753,sal,O,O
754,te,O,O
755,petanche,O,O
756,en,O,O
757,der,O,O
758,abderssen,O,O
759,en,O,O
760,couete,O,O
761,van,O,O
762,d,O,O
763,maegdendale,O,O
764,iiij,B-MONEY,B-MONEY
765,lib,I-MONEY,I-MONEY
766,par,I-MONEY,I-MONEY
767,oec,O,O
768,te,O,O
769,petache,O,O
770,jte,O,O
771,int,O,O
772,hospitael,O,O
773,taudenaerde,O,B-LOC
774,xxiii,B-MONEY,B-MONEY
775,sc,I-MONEY,I-MONEY
776,par,I-MONEY,I-MONEY
777,te,O,O
778,petanche,O,O
779,jt,O,O
780,plaex,O,O
781,docht,O,O
782,gheeraerdine,O,O
783,siere,O,O
784,metrine,O,B-PERS
785,xxiiij,B-MONEY,B-MONEY
786,sc,I-MONEY,I-MONEY
787,par,I-MONEY,I-MONEY
788,jte,O,O
789,gheeft,O,O
790,gheer,B-PERS,B-PERS
791,vors,O,O
792,ter,O,O
793,fabriken,O,O
794,der,O,O
795,kerke,O,O
796,van,O,O
797,pamele,B-LOC,B-LOC
798,xx,B-MONEY,B-MONEY
799,sc,I-MONEY,I-MONEY
800,par,I-MONEY,I-MONEY
801,tsiaers,O,O
802,erfelike,O,O
803,die,O,O
804,he,O,O
805,de,O,O
806,wedewe,O,O
807,snellaerts,B-PERS,O
808,erfelike,O,O
809,schuldech,O,O
810,es,O,O
811,en,O,O
812,daer,O,O
813,af,O,O
814,zijn,O,O
815,cirogphie,O,O
816,jte,O,O
817,so,O,O
818,gheeft,O,O
819,gheer,O,B-PERS
820,vors,O,O
821,te,O,O
822,sine,O,O
823,jaerghetide,O,O
824,jonfr,O,O
825,mergriete,B-PERS,B-PERS
826,zijns,O,O
827,wijfs,O,O
828,was,O,O
829,gheeraerts,B-PERS,B-PERS
830,zijns,O,I-PERS
831,soens,O,O
832,en,O,O
833,jonfr,O,O
834,mergriete,B-PERS,B-PERS
835,ziere,O,O
836,docht,O,O
837,xv,B-MONEY,B-MONEY
838,sc,I-MONEY,I-MONEY
839,par,I-MONEY,I-MONEY
840,tsiaers,O,O
841,erfelike,O,O
842,op,O,O
843,baeniaerts,B-LOC,O
844,hofstede,O,O
845,te,O,O
846,scoeresse,B-LOC,B-LOC
847,jte,O,O
848,te,O,O
849,matne,B-LOC,O
850,op,O,O
851,tolfaerts,B-LOC,O
852,hofstede,O,O
853,viij,B-MONEY,B-MONEY
854,sc,I-MONEY,I-MONEY
855,par,I-MONEY,I-MONEY
856,tsiaers,O,O
857,erfelike,O,O
858,en,O,O
859,die,O,O
860,pleghe,O,O
861,te,O,O
862,gheldene,O,O
863,jans,B-PERS,B-PERS
864,kindre,O,O
865,va,B-PERS,O
866,den,I-PERS,O
867,dale,I-PERS,O
868,die,O,O
869,me,O,O
870,seit,O,O
871,van,B-PERS,O
872,kaniant,I-PERS,O
873,jt,O,O
874,op,O,O
875,valx,O,O
876,ofstede,O,O
877,xij,B-MONEY,B-MONEY
878,sc,I-MONEY,I-MONEY
879,par,I-MONEY,I-MONEY
880,tsiaers,O,O
881,erfelike,O,O
882,tscoersse,B-LOC,O
883,en,O,O
884,dese,O,O
885,jaerghetide,O,O
886,te,O,O
887,doene,O,O
888,jaerlijcs,O,O
889,in,O,O
890,de,O,O
891,kerke,O,O
892,van,O,O
893,pamele,B-LOC,B-LOC
894,en,O,O
895,dit,O,O
896,in,O,O
897,diere,O,O
898,maniere,O,O
899,met,O,O
900,vigillie,O,O
901,sauonts,O,O
902,en,O,O
903,smaerghes,O,O
904,met,O,O
905,cmendatie,O,O
906,met,O,O
907,diacone,O,O
908,en,O,O
909,subdiacone,O,O
910,en,O,O
911,eene,O,O
912,poese,O,O
913,sauonts,O,O
914,te,O,O
915,ludene,O,O
916,en,O,O
917,smaerghes,O,O
918,hier,O,O
919,af,O,O
920,den,O,O
921,pape,O,O
922,vj,B-MONEY,B-MONEY
923,sc,I-MONEY,I-MONEY
924,par,I-MONEY,I-MONEY
925,den,O,O
926,coste,O,O
927,iiij,B-MONEY,B-MONEY
928,sc,I-MONEY,I-MONEY
929,par,I-MONEY,I-MONEY
930,elke,O,O
931,capellaen,O,O
932,die,O,O
933,daer,O,O
934,comt,O,O
935,te,O,O
936,dienste,O,O
937,en,O,O
938,helpe,O,O
939,doen,O,O
940,iij,B-MONEY,B-MONEY
941,sc,I-MONEY,I-MONEY
942,par,I-MONEY,I-MONEY
943,en,O,O
944,diere,O,O
945,niet,O,O
946,comt,O,O
947,niet,O,O
948,hebbe,O,O
949,sal,O,O
950,en,O,O
951,den,O,O
952,scoolmeeste,O,O
953,iiij,B-MONEY,B-MONEY
954,sc,I-MONEY,I-MONEY
955,par,I-MONEY,I-MONEY
956,en,O,O
957,voert,O,O
958,dat,O,O
959,de,O,O
960,kercmeests,O,O
961,doen,O,O
962,hebbe,O,O
963,xij,O,B-PERS
964,kerssen,O,I-PERS
965,en,O,O
966,xij,O,O
967,miten,O,O
968,der,O,O
969,in,O,O
970,ome,O,O
971,te,O,O
972,offerne,O,O
973,ou,O,O
974,de,O,O
975,ziele,O,O
976,en,O,O
977,datt,O,O
978,ou,O,O
979,blijft,O,O
980,van,O,O
981,d,O,O
982,vors,O,O
983,rente,O,O
984,dat,O,O
985,sal,O,O
986,de,O,O
987,kerke,O,O
988,hebbe,O,O
989,te,O,O
990,hare,O,O
991,pourfite,O,O
992,en,O,O
993,dit,O,O
994,beghert,O,O
995,gheer,B-PERS,B-PERS
996,vors,O,O
997,dat,O,O
998,ment,O,O
999,teekene,O,O
1000,in,O,O
1001,den,O,O
1002,jaerghetide,O,O
1003,bouc,O,O
1004,voert,O,O
1005,gheeft,O,O
1006,gheer,B-PERS,B-PERS
1007,vors,O,O
1008,onser,B-PERS,B-PERS
1009,vrauwe,I-PERS,I-PERS
1010,ghulde,O,O
1011,te,O,O
1012,pamele,B-LOC,B-LOC
1013,xx,B-MONEY,B-MONEY
1014,sc,I-MONEY,I-MONEY
1015,par,I-MONEY,I-MONEY
1016,tsiaers,O,O
1017,erfelike,O,O
1018,op,O,O
1019,thuus,O,O
1020,en,O,O
1021,herue,O,O
1022,jans,B-PERS,B-PERS
1023,van,I-PERS,I-PERS
1024,hoelant,I-PERS,I-PERS
1025,was,O,O
1026,naest,O,O
1027,de,O,O
1028,beghine,O,O
1029,te,O,O
1030,pamele,B-LOC,B-LOC
1031,dats,O,O
1032,te,O,O
1033,wetene,O,O
1034,als,O,O
1035,me,O,O
1036,de,O,O
1037,ghulde,O,O
1038,op,O,O
1039,heft,O,O
1040,en,O,O
1041,tote,O,O
1042,an,O,O
1043,der,O,O
1044,tijt,O,O
1045,dat,O,O
1046,men,O,O
1047,se,O,O
1048,op,O,O
1049,heft,O,O
1050,wilt,O,O
1051,gheer,B-PERS,B-PERS
1052,vors,O,O
1053,dat,O,O
1054,se,O,O
1055,de,O,O
1056,kerke,O,O
1057,hebbe,O,O
1058,te,O,O
1059,harer,O,O
1060,fabrike,O,O
1061,jt,O,O
1062,gheeft,O,O
1063,gheer,B-PERS,B-PERS
1064,vors,O,O
1065,de,O,O
1066,beghine,O,O
1067,in,O,O
1068,de,O,O
1069,borch,O,O
1070,de,O,O
1071,beghine,O,O
1072,bacht,O,O
1073,kerken,O,O
1074,in,O,O
1075,de,O,O
1076,cluse,O,O
1077,en,O,O
1078,de,O,O
1079,beghinen,O,O
1080,te,O,O
1081,pamele,B-LOC,B-LOC
1082,elc,O,O
1083,va,O,O
1084,den,O,O
1085,iij,O,O
1086,coueten,O,O
1087,vj,B-MONEY,B-MONEY
1088,sc,I-MONEY,I-MONEY
1089,par,I-MONEY,I-MONEY
1090,jt,O,O
1091,gheeft,O,O
1092,gheer,B-PERS,B-PERS
1093,vors,O,O
1094,sine,O,O
1095,pchipape,O,O
1096,vj,B-MONEY,B-MONEY
1097,lib,I-MONEY,I-MONEY
1098,par,I-MONEY,I-MONEY
1099,te,O,O
1100,verdienne,O,O
1101,en,O,O
1102,voert,O,O
1103,so,O,O
1104,schelt,O,O
1105,hi,O,O
1106,he,O,O
1107,al,O,O
1108,quite,O,O
1109,dat,O,O
1110,hi,O,O
1111,he,O,O
1112,schuldech,O,O
1113,es,O,O
1114,boue,O,O
1115,ix,B-MONEY,B-MONEY
1116,lib,I-MONEY,I-MONEY
1117,par,I-MONEY,I-MONEY
1118,en,O,O
1119,de,O,O
1120,xxx,B-MONEY,B-MONEY
1121,sc,I-MONEY,I-MONEY
1122,par,I-MONEY,I-MONEY
1123,die,O,O
1124,hi,O,O
1125,schuldech,O,O
1126,es,O,O
1127,te,O,O
1128,sente,B-DATE,B-DATE
1129,martinsmesse,I-DATE,I-DATE
1130,schelt,O,O
1131,hi,O,O
1132,hem,O,O
1133,oec,O,O
1134,quite,O,O
1135,jt,O,O
1136,den,O,O
1137,coste,O,O
1138,mits,O,O
1139,den,O,O
1140,xij,B-MONEY,B-MONEY
1141,sc,I-MONEY,I-MONEY
1142,par,I-MONEY,I-MONEY
1143,die,O,O
1144,hi,O,O
1145,he,O,O
1146,schuldech,O,O
1147,es,O,O
1148,xxiiij,B-MONEY,B-MONEY
1149,sc,I-MONEY,I-MONEY
1150,par,I-MONEY,I-MONEY
1151,jte,O,O
1152,so,O,O
1153,gheeft,O,O
1154,gheer,B-PERS,B-PERS
1155,vors,O,O
1156,grielkine,B-PERS,B-PERS
1157,zijns,O,O
1158,zoens,O,O
1159,bastaerde,O,B-PERS
1160,docht,O,O
1161,xviij,B-MONEY,B-MONEY
1162,lib,I-MONEY,I-MONEY
1163,par,I-MONEY,I-MONEY
1164,jt,O,O
1165,gheeft,O,O
1166,gheer,B-PERS,B-PERS
1167,vors,O,O
1168,boidine,B-PERS,B-PERS
1169,en,O,O
1170,arekine,B-PERS,B-PERS
1171,dreete,I-PERS,O
1172,elken,O,O
1173,iij,B-MONEY,B-MONEY
1174,sc,I-MONEY,I-MONEY
1175,gro,I-MONEY,I-MONEY
1176,jt,O,O
1177,gheenine,B-PERS,O
1178,sine,O,O
1179,petrin,O,O
1180,vj,B-MONEY,B-MONEY
1181,sc,I-MONEY,I-MONEY
1182,gro,I-MONEY,I-MONEY
1183,en,O,O
1184,oec,O,O
1185,wilt,O,O
1186,gheer,B-PERS,B-PERS
1187,vors,O,O
1188,vondemer,O,O
1189,mee,O,O
1190,schulde,O,B-LOC
1191,die,O,O
1192,me,O,O
1193,redenlike,O,O
1194,toeghen,O,O
1195,mochte,O,O
1196,dat,O,O
1197,me,O,O
1198,die,O,O
1199,golde,O,O
1200,met,O,O
1201,sine,O,O
1202,goede,O,O
1203,jn,O,O
1204,kenessen,O,O
1205,der,O,O
1206,waerheden,O,O
1207,so,O,O
1208,hebben,O,O
1209,wij,O,O
1210,arent,B-PERS,B-PERS
1211,cabeliau,I-PERS,I-PERS
1212,f,B-PERS,O
1213,mer,I-PERS,O
1214,jans,I-PERS,B-PERS
1215,fransois,B-PERS,I-PERS
1216,crupeninc,I-PERS,O
1217,en,O,O
1218,lodewijc,B-PERS,B-PERS
1219,vande,I-PERS,I-PERS
1220,hecke,I-PERS,I-PERS
1221,alse,O,O
1222,schepene,O,O
1223,in,O,O
1224,audenaerde,B-LOC,B-LOC
1225,de,O,O
1226,transscrifte,O,O
1227,van,O,O
1228,deser,O,O
1229,pnter,O,O
1230,ordinanchen,O,O
1231,bezeghelt,O,O
1232,elc,O,O
1233,onser,O,O
1234,met,O,O
1235,sine,O,O
1236,ppren,O,O
1237,zegle,O,O
1238,vte,O,O
1239,hanghende,O,O
1240,dit,O,O
1241,was,O,O
1242,ghedaen,O,O
1243,int,O,O
1244,jaer,O,O
1245,ons,O,O
1246,heen,O,O
1247,als,O,O
1248,me,O,O
1249,screef,O,O
1250,xiijc,B-DATE,B-DATE
1251,en,I-DATE,I-DATE
1252,xcij,I-DATE,I-DATE
1253,den,I-DATE,I-DATE
1254,xxviijsten,I-DATE,I-DATE
1255,dach,I-DATE,I-DATE
1256,van,I-DATE,I-DATE
1257,septembre,I-DATE,I-DATE
1258,wij,O,O
1259,france,B-PERS,B-PERS
1260,slingher,I-PERS,I-PERS
1261,en,O,O
1262,wout,B-PERS,B-PERS
1263,va,I-PERS,I-PERS
1264,den,I-PERS,I-PERS
1265,pitte,I-PERS,I-PERS
1266,jn,O,O
1267,deise,O,O
1268,tijt,O,O
1269,vogden,O,O
1270,en,O,O
1271,jn,O,O
1272,de,O,O
1273,name,O,O
1274,va,O,O
1275,de,O,O
1276,heilijchen,O,O
1277,gheest,O,O
1278,va,O,O
1279,ypre,B-LOC,B-LOC
1280,doen,O,O
1281,te,O,O
1282,weitene,O,O
1283,alle,O,O
1284,lieden,O,O
1285,dat,O,O
1286,wij,O,O
1287,ou,O,O
1288,ons,O,O
1289,en,O,O
1290,ou,O,O
1291,onse,O,O
1292,nacomers,O,O
1293,vogden,O,O
1294,va,O,O
1295,de,O,O
1296,heilijche,O,O
1297,gheest,O,O
1298,voors,O,O
1299,kennen,O,O
1300,dat,O,O
1301,wij,O,O
1302,scoudich,O,O
1303,zijn,O,O
1304,den,O,O
1305,aermen,O,O
1306,wedewaren,O,O
1307,viere,B-MONEY,B-MONEY
1308,scell,I-MONEY,I-MONEY
1309,paris,I-MONEY,I-MONEY
1310,den,O,O
1311,gasthuse,O,O
1312,va,O,O
1313,nasareth,B-LOC,B-LOC
1314,iij,B-MONEY,B-MONEY
1315,sc,I-MONEY,I-MONEY
1316,par,I-MONEY,I-MONEY
1317,eruel,O,O
1318,rete,O,O
1319,siaers,O,O
1320,de,O,O
1321,welke,O,O
1322,wij,O,O
1323,heleide,O,O
1324,zijn,O,O
1325,scoudich,O,O
1326,en,O,O
1327,beloue,O,O
1328,te,O,O
1329,betaelne,O,O
1330,alle,O,O
1331,jare,O,O
1332,telke,O,O
1333,sinte,B-DATE,B-DATE
1334,bamesse,I-DATE,I-DATE
1335,en,O,O
1336,dit,O,O
1337,comende,O,O
1338,en,O,O
1339,sprutende,O,O
1340,vte,O,O
1341,cause,O,O
1342,va,O,O
1343,ene,O,O
1344,halme,O,O
1345,va,O,O
1346,xxxij,O,B-MONEY
1347,d,O,I-MONEY
1348,eruel,O,O
1349,siaers,O,O
1350,die,O,O
1351,piet,B-PERS,B-PERS
1352,de,I-PERS,I-PERS
1353,nay,I-PERS,I-PERS
1354,en,O,O
1355,jhan,B-PERS,B-PERS
1356,va,I-PERS,I-PERS
1357,paskendale,I-PERS,I-PERS
1358,als,O,O
1359,aeldijnghen,O,O
1360,va,O,O
1361,jacoppe,B-PERS,B-PERS
1362,va,I-PERS,I-PERS
1363,der,I-PERS,I-PERS
1364,cruce,I-PERS,I-PERS
1365,vp,O,O
1366,ghedraghen,O,O
1367,hebben,O,O
1368,onsleiden,O,O
1369,jn,O,O
1370,de,O,O
1371,name,O,O
1372,va,O,O
1373,de,O,O
1374,heilghe,O,O
1375,gheest,O,O
1376,voors,O,O
1377,ome,O,O
1378,te,O,O
1379,deelne,O,O
1380,en,O,O
1381,te,O,O
1382,distribueirne,O,O
1383,jn,O,O
1384,diuschen,O,O
1385,pcheele,O,B-PERS
1386,bin,O,O
1387,der,O,O
1388,steide,O,O
1389,va,O,O
1390,ypre,B-LOC,B-LOC
1391,also,O,O
1392,en,O,O
1393,jn,O,O
1394,der,O,O
1395,manien,O,O
1396,dat,O,O
1397,de,O,O
1398,brief,O,O
1399,der,O,O
1400,vp,O,O
1401,ghemaect,O,O
1402,en,O,O
1403,ghezeghelt,O,O
1404,mette,O,O
1405,zegle,O,O
1406,va,O,O
1407,pietren,B-PERS,B-PERS
1408,en,O,O
1409,jhanne,B-PERS,B-PERS
1410,voors,O,O
1411,mentioen,O,O
1412,make,O,O
1413,den,O,O
1414,welke,O,O
1415,wij,O,O
1416,tonswot,O,O
1417,hebbe,O,O
1418,ghedae,O,O
1419,jnt,O,O
1420,jaer,O,O
1421,ons,O,O
1422,heren,O,O
1423,m,B-DATE,B-DATE
1424,ccc,I-DATE,I-DATE
1425,iiiixx,I-DATE,I-DATE
1426,en,I-DATE,I-DATE
1427,zestiene,I-DATE,I-DATE
1428,des,I-DATE,I-DATE
1429,maendaghes,I-DATE,I-DATE
1430,jn,I-DATE,I-DATE
1431,de,I-DATE,I-DATE
1432,paesschedaghe,I-DATE,I-DATE
1433,derde,I-DATE,I-DATE
1434,dach,I-DATE,I-DATE
1435,jn,I-DATE,I-DATE
1436,april,I-DATE,I-DATE
1437,wij,O,O
1438,zuster,O,O
1439,beatrice,B-PERS,B-PERS
1440,van,I-PERS,I-PERS
1441,der,I-PERS,I-PERS
1442,asselt,I-PERS,I-PERS
1443,prieuse,O,O
1444,van,O,O
1445,den,O,O
1446,hospitale,O,O
1447,onser,B-PERS,O
1448,vrouwen,I-PERS,O
1449,van,O,O
1450,audenaerde,B-LOC,B-LOC
1451,ende,O,O
1452,zustren,O,O
1453,en,O,O
1454,broeders,O,O
1455,van,O,O
1456,den,O,O
1457,zeluen,O,O
1458,hospitale,O,O
1459,doen,O,O
1460,te,O,O
1461,wetene,O,O
1462,allen,O,O
1463,lieden,O,O
1464,dat,O,O
1465,wij,O,O
1466,hebben,O,O
1467,ghegheuen,O,O
1468,jn,O,O
1469,loeyalen,O,O
1470,pachte,O,O
1471,pietre,B-PERS,O
1472,den,I-PERS,O
1473,cupre,I-PERS,B-LOC
1474,de,O,O
1475,erue,O,O
1476,die,O,O
1477,wij,O,O
1478,hebben,O,O
1479,ligghende,O,O
1480,jn,O,O
1481,de,O,O
1482,poert,O,O
1483,van,O,O
1484,audenaerde,B-LOC,B-LOC
1485,jeghen,O,O
1486,sente,B-LOC,O
1487,amants,I-LOC,O
1488,capelle,I-LOC,O
1489,oestwert,O,B-LOC
1490,daer,O,O
1491,wilen,O,O
1492,op,O,O
1493,woende,O,O
1494,wouter,B-PERS,B-PERS
1495,van,I-PERS,I-PERS
1496,der,I-PERS,I-PERS
1497,haghe,I-PERS,I-PERS
1498,teenen,O,O
1499,termine,O,O
1500,van,O,O
1501,viere,O,O
1502,waruen,O,O
1503,lxxix,O,O
1504,jaren,O,O
1505,achter,O,O
1506,een,O,O
1507,duerende,O,O
1508,van,O,O
1509,kersauonde,B-DATE,B-DATE
1510,jnt,O,O
1511,jaer,O,O
1512,dertienhondert,B-DATE,B-DATE
1513,twe,I-DATE,I-DATE
1514,en,I-DATE,I-DATE
1515,zestich,I-DATE,I-DATE
1516,omme,O,I-DATE
1517,drie,B-MONEY,B-MONEY
1518,pont,I-MONEY,I-MONEY
1519,paris,I-MONEY,I-MONEY
1520,elx,O,O
1521,siaers,O,O
1522,alsulke,O,O
1523,paris,O,O
1524,alse,O,O
1525,de,O,O
1526,heeren,O,O
1527,van,O,O
1528,den,O,O
1529,lande,O,O
1530,jaerlex,O,O
1531,ontfaen,O,O
1532,zelen,O,O
1533,van,O,O
1534,haren,O,O
1535,renten,O,O
1536,ten,O,O
1537,daghen,O,O
1538,dat,O,O
1539,dese,O,O
1540,pacht,O,O
1541,valt,O,O
1542,te,O,O
1543,gheldene,O,O
1544,deen,O,O
1545,heelt,O,O
1546,van,O,O
1547,den,O,O
1548,eerste,O,O
1549,pachte,O,O
1550,te,O,O
1551,kersauonde,B-DATE,B-DATE
1552,jnt,O,O
1553,jaer,O,O
1554,dusentech,B-DATE,B-DATE
1555,driehondert,I-DATE,I-DATE
1556,drie,I-DATE,I-DATE
1557,en,I-DATE,I-DATE
1558,zestech,I-DATE,I-DATE
1559,en,O,I-DATE
1560,dandre,O,I-DATE
1561,heelt,O,I-DATE
1562,te,O,I-DATE
1563,sente,B-DATE,I-DATE
1564,jansmesse,I-DATE,I-DATE
1565,daer,O,O
1566,naest,O,O
1567,commende,O,O
1568,en,O,O
1569,alsoe,O,O
1570,voert,O,O
1571,te,O,O
1572,gheldene,O,O
1573,van,O,O
1574,jare,O,O
1575,te,O,O
1576,jare,O,O
1577,den,O,O
1578,vors,O,O
1579,termijn,O,O
1580,duerende,O,O
1581,voert,O,O
1582,so,O,O
1583,vant,O,O
1584,piet,B-PERS,B-PERS
1585,vors,O,O
1586,op,O,O
1587,dese,O,O
1588,vorseide,O,O
1589,erue,O,O
1590,een,O,O
1591,huus,O,O
1592,en,O,O
1593,cateyle,O,O
1594,dwelke,O,O
1595,huus,O,O
1596,en,O,O
1597,cateyle,O,O
1598,hi,O,O
1599,cochte,O,O
1600,jeghen,O,O
1601,ons,O,O
1602,ome,O,O
1603,tiene,B-MONEY,B-MONEY
1604,pont,I-MONEY,I-MONEY
1605,gro,I-MONEY,I-MONEY
1606,dewelke,O,I-MONEY
1607,tiene,B-MONEY,I-MONEY
1608,pont,I-MONEY,I-MONEY
1609,gro,I-MONEY,I-MONEY
1610,vors,O,I-MONEY
1611,de,O,I-MONEY
1612,vors,O,I-MONEY
1613,piet,B-PERS,B-PERS
1614,ons,O,O
1615,heeft,O,O
1616,wel,O,O
1617,en,O,O
1618,soffisantelic,O,O
1619,betaelt,O,O
1620,waer,O,O
1621,af,O,O
1622,wij,O,O
1623,ons,O,O
1624,hauden,O,O
1625,wel,O,O
1626,ghepaeyt,O,O
1627,en,O,O
1628,vernoucht,O,O
1629,en,O,O
1630,hebben,O,O
1631,der,O,O
1632,af,O,O
1633,quiteghescolden,O,O
1634,en,O,O
1635,scelden,O,O
1636,quite,O,O
1637,den,O,O
1638,vors,O,O
1639,pietre,B-PERS,O
1640,zinen,O,O
1641,nacommers,O,O
1642,en,O,O
1643,allen,O,O
1644,den,O,O
1645,ghenen,O,O
1646,daer,O,O
1647,quitesceldinghe,O,O
1648,der,O,O
1649,af,O,O
1650,toebehoert,O,O
1651,ende,O,O
1652,in,O,O
1653,manieren,O,O
1654,dat,O,O
1655,de,O,O
1656,vorseide,O,O
1657,piet,B-PERS,B-PERS
1658,en,O,O
1659,zine,O,O
1660,nacomers,O,O
1661,zelen,O,O
1662,moeten,O,O
1663,hauden,O,O
1664,staende,O,O
1665,tvorseide,O,O
1666,huus,O,O
1667,en,O,O
1668,cateyle,O,O
1669,op,O,O
1670,derue,O,O
1671,vors,O,O
1672,te,O,O
1673,haer,O,O
1674,lieder,O,O
1675,profite,O,O
1676,al,O,O
1677,den,O,O
1678,vors,O,O
1679,termijn,O,O
1680,duerende,O,O
1681,dwelke,O,O
1682,huus,O,O
1683,en,O,O
1684,cateyle,O,O
1685,zijn,O,O
1686,altoes,O,O
1687,pant,O,O
1688,ome,O,O
1689,ons,O,O
1690,en,O,O
1691,onser,O,B-DATE
1692,nacommers,O,I-DATE
1693,der,O,I-DATE
1694,an,O,I-DATE
1695,te,O,I-DATE
1696,verhaelne,O,I-DATE
1697,den,O,I-DATE
1698,vors,O,I-DATE
1699,pacht,O,I-DATE
1700,ende,O,I-DATE
1701,tvorseide,O,I-DATE
1702,huus,O,O
1703,en,O,O
1704,alle,O,O
1705,dandre,O,O
1706,cateyle,O,O
1707,die,O,O
1708,wesen,O,O
1709,zullen,O,O
1710,op,O,O
1711,derue,O,O
1712,vors,O,O
1713,ten,O,O
1714,ende,O,O
1715,van,O,O
1716,den,O,O
1717,vors,O,O
1718,termine,O,O
1719,die,O,O
1720,zelen,O,O
1721,wij,O,O
1722,moeten,O,O
1723,hebben,O,O
1724,bi,O,O
1725,prise,O,O
1726,van,O,O
1727,goeden,O,O
1728,lieden,O,O
1729,ghelike,O,O
1730,dat,O,O
1731,zij,O,O
1732,ter,O,O
1733,erden,O,O
1734,laghen,O,O
1735,ende,O,O
1736,omme,O,O
1737,dat,O,O
1738,wij,O,O
1739,vorseide,O,O
1740,prieuse,O,O
1741,zustren,O,O
1742,en,O,O
1743,broeders,O,O
1744,willen,O,O
1745,dat,O,O
1746,alle,O,O
1747,dese,O,O
1748,vorseide,O,O
1749,dinghen,O,O
1750,bliuen,O,O
1751,goet,O,O
1752,vaste,O,O
1753,ghestade,O,O
1754,en,O,O
1755,wel,O,O
1756,ghehouden,O,O
1757,van,O,O
1758,ons,O,O
1759,en,O,O
1760,van,O,O
1761,onsen,O,O
1762,nacommers,O,O
1763,so,O,O
1764,hebben,O,O
1765,wij,O,O
1766,jn,O,O
1767,kennessen,O,O
1768,der,O,O
1769,waerheden,O,O
1770,dese,O,O
1771,jeghenwordeghe,O,O
1772,lettren,O,O
1773,gheseghelt,O,O
1774,metten,O,O
1775,ghemeenen,O,O
1776,zeghele,O,O
1777,ons,O,O
1778,conuents,O,O
1779,huuthanghende,O,O
1780,dit,O,O
1781,was,O,O
1782,ghedaen,O,O
1783,jnt,O,O
1784,jaer,O,O
1785,ons,O,O
1786,heeren,O,O
1787,dusentech,B-DATE,B-DATE
1788,driehondert,I-DATE,I-DATE
1789,een,I-DATE,I-DATE
1790,ende,I-DATE,I-DATE
1791,zestech,I-DATE,I-DATE
1792,lxiij,I-DATE,I-DATE
1793,de,I-DATE,I-DATE
1794,xxvijste,I-DATE,I-DATE
1795,dach,I-DATE,I-DATE
1796,va,I-DATE,I-DATE
1797,hoeymaent,I-DATE,I-DATE
1798,kenlijc,O,O
1799,zij,O,O
1800,allen,O,O
1801,lieden,O,O
1802,dat,O,O
1803,jan,B-PERS,B-PERS
1804,van,I-PERS,I-PERS
1805,d,I-PERS,I-PERS
1806,haghe,I-PERS,I-PERS
1807,wauts,B-PERS,B-PERS
1808,van,I-PERS,I-PERS
1809,der,I-PERS,I-PERS
1810,haghe,I-PERS,I-PERS
1811,zone,O,O
1812,was,O,O
1813,en,O,O
1814,marie,B-PERS,B-PERS
1815,van,I-PERS,I-PERS
1816,auteghem,I-PERS,I-PERS
1817,vor,O,O
1818,wetteleken,O,O
1819,huweleke,O,O
1820,en,O,O
1821,in,O,O
1822,vorme,O,O
1823,va,O,O
1824,wetteleke,O,O
1825,huweleke,O,O
1826,hebben,O,O
1827,elc,O,O
1828,andre,O,O
1829,ghegheue,O,O
1830,en,O,O
1831,op,O,O
1832,gheue,O,O
1833,en,O,O
1834,draghen,O,O
1835,wetteleke,O,O
1836,bj,O,O
1837,voeghde,O,O
1838,elc,O,O
1839,op,O,O
1840,andren,O,O
1841,ghelijc,O,O
1842,en,O,O
1843,in,O,O
1844,al,O,O
1845,d,O,O
1846,manier,O,O
1847,dat,O,O
1848,hier,O,O
1849,naer,O,O
1850,vclaert,O,O
1851,staet,O,O
1852,dats,O,O
1853,te,O,O
1854,wetene,O,O
1855,gheuielt,O,O
1856,dat,O,O
1857,jan,B-PERS,B-PERS
1858,vors,O,O
1859,eer,O,O
1860,voere,O,O
1861,van,O,O
1862,liue,O,O
1863,t,O,O
1864,doet,O,O
1865,dan,O,O
1866,marie,B-PERS,B-PERS
1867,vors,O,O
1868,dat,O,O
1869,dan,O,O
1870,marie,B-PERS,B-PERS
1871,vors,O,O
1872,soude,O,O
1873,bliuen,O,O
1874,behaudende,O,O
1875,en,O,O
1876,bezittende,O,O
1877,alt,O,O
1878,tgoed,O,O
1879,herue,O,O
1880,en,O,O
1881,catteyle,O,O
1882,hoe,O,O
1883,en,O,O
1884,waert,O,O
1885,gheleghe,O,O
1886,soude,O,O
1887,zijn,O,O
1888,waert,O,O
1889,binne,O,O
1890,d,O,O
1891,vrijh,O,O
1892,van,O,O
1893,auden,B-LOC,B-LOC
1894,ofte,O,O
1895,d,O,O
1896,bute,O,O
1897,dat,O,O
1898,zij,O,O
1899,te,O,O
1900,gader,O,O
1901,bezete,O,O
1902,zoude,O,O
1903,hebbe,O,O
1904,niet,O,O
1905,vte,O,O
1906,ghezondert,O,O
1907,haer,O,O
1908,leue,O,O
1909,lanc,O,O
1910,alle,O,O
1911,de,O,O
1912,bladinghe,O,O
1913,der,O,O
1914,af,O,O
1915,hare,O,O
1916,te,O,O
1917,hebbene,O,O
1918,en,O,O
1919,d,O,O
1920,ghelike,O,O
1921,in,O,O
1922,aldzeluer,O,O
1923,manier,O,O
1924,gheuiet,O,O
1925,dat,O,O
1926,marie,B-PERS,B-PERS
1927,vors,O,O
1928,eer,O,O
1929,voere,O,O
1930,van,O,O
1931,liue,O,O
1932,t,O,O
1933,doet,O,O
1934,dan,O,O
1935,jan,B-PERS,B-PERS
1936,vors,O,O
1937,dat,O,O
1938,dan,O,O
1939,jan,B-PERS,B-PERS
1940,vors,O,O
1941,soude,O,O
1942,moete,O,O
1943,bliue,O,O
1944,behaudende,O,O
1945,en,O,O
1946,bezittende,O,O
1947,alt,O,O
1948,tgoed,O,O
1949,herue,O,O
1950,en,O,O
1951,catteylen,O,O
1952,hoe,O,O
1953,en,O,O
1954,waert,O,O
1955,gheleghe,O,O
1956,soude,O,O
1957,sijn,O,O
1958,waert,O,O
1959,binne,O,O
1960,d,O,O
1961,vryh,O,O
1962,van,O,O
1963,auden,B-LOC,B-LOC
1964,ofte,O,O
1965,der,O,O
1966,bute,O,O
1967,dat,O,O
1968,zij,O,O
1969,te,O,O
1970,gader,O,O
1971,bezeten,O,O
1972,soude,O,O
1973,hebben,O,O
1974,niet,O,O
1975,vte,O,O
1976,ghezondert,O,B-PERS
1977,sijn,O,O
1978,leue,O,O
1979,lanc,O,O
1980,alle,O,O
1981,de,O,O
1982,bladinghen,O,O
1983,en,O,O
1984,de,O,O
1985,prouffiten,O,O
1986,hem,O,O
1987,der,O,O
1988,af,O,O
1989,te,O,O
1990,hebbene,O,O
1991,en,O,O
1992,dit,O,O
1993,oec,O,O
1994,in,O,O
1995,diere,O,O
1996,condicien,O,O
1997,en,O,O
1998,manier,O,O
1999,dat,O,O
2000,de,O,O
2001,lancxt,O,O
2002,leuede,O,O
2003,van,O,O
2004,jane,B-PERS,B-PERS
2005,en,O,O
2006,marie,B-PERS,B-PERS
2007,vors,O,O
2008,niet,O,O
2009,ne,O,O
2010,sal,O,O
2011,moghen,O,O
2012,vercoepe,O,O
2013,nochte,O,O
2014,bezwaren,O,O
2015,gheene,O,O
2016,eruen,O,O
2017,toehoerende,O,O
2018,den,O,O
2019,ghene,O,O
2020,diere,O,O
2021,vore,O,O
2022,ghevare,O,O
2023,ware,O,O
2024,van,O,O
2025,he,O,O
2026,beeden,O,O
2027,vors,O,O
2028,van,O,O
2029,liue,O,O
2030,t,O,O
2031,doet,O,O
2032,nochte,O,O
2033,dat,O,O
2034,de,O,O
2035,lancxt,O,O
2036,leuede,O,O
2037,de,O,O
2038,catteyle,O,O
2039,die,O,O
2040,naer,O,O
2041,de,O,O
2042,catteyle,O,O
2043,die,O,O
2044,naer,O,O
2045,sine,O,O
2046,doet,O,O
2047,bliue,O,O
2048,zele,O,O
2049,dat,O,O
2050,hij,O,O
2051,die,O,O
2052,niemene,O,O
2053,ne,O,O
2054,sal,O,O
2055,bj,O,O
2056,ghifte,O,O
2057,moghe,O,O
2058,gheue,O,O
2059,maer,O,O
2060,de,O,O
2061,lancxt,O,O
2062,leuede,O,O
2063,van,O,O
2064,janne,B-PERS,B-PERS
2065,en,O,O
2066,marien,B-PERS,B-PERS
2067,vors,O,O
2068,mach,O,O
2069,de,O,O
2070,catteylen,O,O
2071,vcoepe,O,O
2072,en,O,O
2073,vteerre,O,O
2074,op,O,O
2075,dat,O,O
2076,hijs,O,O
2077,ghebrec,O,O
2078,ofte,O,O
2079,noet,O,O
2080,heeft,O,O
2081,en,O,O
2082,so,O,O
2083,wanneer,O,O
2084,en,O,O
2085,so,O,O
2086,varinc,O,O
2087,dat,O,O
2088,de,O,O
2089,lancxt,O,O
2090,leuede,O,O
2091,van,O,O
2092,jane,B-PERS,B-PERS
2093,en,O,O
2094,marie,B-PERS,B-PERS
2095,vors,O,O
2096,gheuare,O,O
2097,sal,O,O
2098,zijn,O,O
2099,van,O,O
2100,liue,O,O
2101,t,O,O
2102,doet,O,O
2103,dat,O,O
2104,dan,O,O
2105,alle,O,O
2106,de,O,O
2107,catteylen,O,O
2108,so,O,O
2109,wat,O,O
2110,catteylen,O,O
2111,dat,O,O
2112,zijn,O,O
2113,moghe,O,O
2114,die,O,O
2115,naer,O,O
2116,de,O,O
2117,lancxt,O,O
2118,leuede,O,O
2119,van,O,O
2120,he,O,O
2121,beeden,O,O
2122,vors,O,O
2123,bliuen,O,O
2124,selen,O,O
2125,en,O,O
2126,voert,O,O
2127,alle,O,O
2128,de,O,O
2129,herue,O,O
2130,die,O,O
2131,jan,B-PERS,B-PERS
2132,en,O,O
2133,marie,B-PERS,B-PERS
2134,vors,O,O
2135,te,O,O
2136,gader,O,O
2137,ghecocht,O,O
2138,mochte,O,O
2139,hebben,O,O
2140,dat,O,O
2141,die,O,O
2142,zele,O,O
2143,moete,O,O
2144,gaen,O,O
2145,en,O,O
2146,vsteruen,O,O
2147,deene,O,O
2148,heelt,O,O
2149,op,O,O
2150,doer,O,O
2151,van,O,O
2152,jans,B-PERS,B-PERS
2153,ziden,O,I-PERS
2154,en,O,O
2155,dander,O,O
2156,heelt,O,O
2157,op,O,O
2158,doer,O,O
2159,van,O,O
2160,marien,B-PERS,B-PERS
2161,ziden,O,I-PERS
2162,en,O,O
2163,alle,O,O
2164,de,O,O
2165,ander,O,O
2166,herue,O,O
2167,zelen,O,O
2168,moeten,O,O
2169,gaen,O,O
2170,ten,O,O
2171,hoyre,O,O
2172,en,O,O
2173,ter,O,O
2174,ziden,O,O
2175,van,O,O
2176,dat,O,O
2177,zij,O,O
2178,comen,O,O
2179,zijn,O,O
2180,en,O,O
2181,jan,B-PERS,B-PERS
2182,en,O,O
2183,marie,B-PERS,B-PERS
2184,vors,O,O
2185,zelen,O,O
2186,moghe,O,O
2187,harer,O,O
2188,beeder,O,O
2189,erue,O,O
2190,vercoepe,O,O
2191,op,O,O
2192,dat,O,O
2193,heml,O,O
2194,ghelieft,O,O
2195,also,O,O
2196,langhe,O,O
2197,als,O,O
2198,zij,O,O
2199,beede,O,O
2200,leuende,O,O
2201,zijn,O,O
2202,voert,O,O
2203,ware,O,O
2204,alsoe,O,O
2205,dat,O,O
2206,hiemet,O,O
2207,quame,O,O
2208,van,O,O
2209,scgheens,O,O
2210,hoyre,O,O
2211,van,O,O
2212,diere,O,O
2213,vore,O,O
2214,gheuare,O,O
2215,sal,O,O
2216,zijn,O,O
2217,van,O,O
2218,liue,O,O
2219,t,O,O
2220,doet,O,O
2221,van,O,O
2222,janne,B-PERS,B-PERS
2223,en,O,O
2224,marien,B-PERS,B-PERS
2225,vors,O,O
2226,welcx,O,O
2227,hoyr,O,O
2228,dat,O,O
2229,ware,O,O
2230,die,O,O
2231,jeghe,O,O
2232,dese,O,O
2233,vorseide,O,O
2234,ordinnantse,O,O
2235,en,O,O
2236,goedinghe,O,O
2237,ghinghe,O,O
2238,stake,O,O
2239,ofte,O,O
2240,daden,O,O
2241,steke,O,O
2242,fuuten,O,B-PERS
2243,fraude,O,I-PERS
2244,zochten,O,O
2245,in,O,O
2246,eenigher,O,O
2247,manier,O,O
2248,in,O,O
2249,deele,O,O
2250,ofte,O,O
2251,in,O,O
2252,al,O,O
2253,te,O,O
2254,wat,O,O
2255,wetten,O,O
2256,dat,O,O
2257,ware,O,O
2258,waert,O,O
2259,met,O,O
2260,spiritueel,O,B-PERS
2261,waert,O,O
2262,met,O,O
2263,temporeel,O,O
2264,so,O,O
2265,verkenen,O,O
2266,jan,B-PERS,B-PERS
2267,en,O,O
2268,marie,B-PERS,B-PERS
2269,vors,O,O
2270,al,O,O
2271,nv,O,O
2272,den,O,O
2273,lancxt,O,O
2274,leuende,O,O
2275,van,O,O
2276,jane,B-PERS,B-PERS
2277,en,O,O
2278,marien,B-PERS,B-PERS
2279,vors,O,O
2280,dan,O,O
2281,macht,O,O
2282,te,O,O
2283,hebbene,O,O
2284,eene,O,O
2285,wetteleke,O,O
2286,schult,O,O
2287,te,O,O
2288,jnnene,O,O
2289,ou,O,O
2290,de,O,O
2291,vors,O,O
2292,ordinnantse,O,B-PERS
2293,en,O,O
2294,goedinghe,O,O
2295,van,O,O
2296,iijc,B-MONEY,B-MONEY
2297,lb,I-MONEY,I-MONEY
2298,par,I-MONEY,I-MONEY
2299,vlaendscher,I-MONEY,I-MONEY
2300,munte,I-MONEY,I-MONEY
2301,op,O,O
2302,alzulc,O,O
2303,goed,O,O
2304,als,O,O
2305,naer,O,O
2306,hem,O,O
2307,bleue,O,O
2308,ware,O,O
2309,van,O,O
2310,diere,O,O
2311,van,O,O
2312,janne,B-PERS,B-PERS
2313,en,O,O
2314,marie,B-PERS,B-PERS
2315,vors,O,O
2316,ghevare,O,O
2317,ware,O,O
2318,van,O,O
2319,liue,O,O
2320,t,O,O
2321,doet,O,O
2322,zond,O,O
2323,den,O,O
2324,lancxt,O,O
2325,leuede,O,O
2326,van,O,O
2327,jane,B-PERS,B-PERS
2328,en,O,O
2329,marien,B-PERS,B-PERS
2330,vors,O,O
2331,hiet,O,O
2332,vmindert,O,O
2333,te,O,O
2334,wesene,O,O
2335,dan,O,O
2336,van,O,O
2337,hare,O,O
2338,rechte,O,O
2339,deele,O,O
2340,naer,O,O
2341,de,O,O
2342,vryhede,O,O
2343,van,O,O
2344,auden,B-LOC,B-LOC
2345,ende,O,O
2346,dat,O,O
2347,hier,O,O
2348,vorseit,O,O
2349,es,O,O
2350,en,O,O
2351,vorscreue,O,O
2352,staet,O,O
2353,va,O,O
2354,pointe,O,O
2355,te,O,O
2356,pointe,O,O
2357,dat,O,O
2358,hebben,O,O
2359,jan,B-PERS,B-PERS
2360,en,O,O
2361,marie,B-PERS,B-PERS
2362,vors,O,O
2363,elc,O,O
2364,ou,O,O
2365,heml,O,O
2366,en,O,O
2367,haerlied,O,O
2368,hoyr,O,O
2369,en,O,O
2370,naercomers,O,O
2371,vor,O,O
2372,wetteleke,O,O
2373,huweleke,O,O
2374,en,O,O
2375,in,O,O
2376,vorme,O,O
2377,van,O,O
2378,wetteleke,O,O
2379,huweleke,O,O
2380,ghelooft,O,O
2381,bewijst,O,O
2382,en,O,O
2383,bezet,O,O
2384,wetteleke,O,O
2385,elc,O,O
2386,met,O,O
2387,voeghde,O,O
2388,op,O,O
2389,hemlieden,O,O
2390,en,O,O
2391,voert,O,O
2392,op,O,O
2393,alt,O,O
2394,tgoed,O,O
2395,dat,O,O
2396,zij,O,O
2397,hebben,O,O
2398,en,O,O
2399,hebben,O,O
2400,moghe,O,O
2401,hoe,O,O
2402,en,O,O
2403,waert,O,O
2404,gheleghe,O,O
2405,es,O,O
2406,eist,O,O
2407,binnen,O,O
2408,der,O,O
2409,vryheden,O,O
2410,van,O,O
2411,audende,B-LOC,B-LOC
2412,ofte,O,O
2413,der,O,O
2414,buten,O,O
2415,jn,O,O
2416,kennessen,O,O
2417,en,O,O
2418,orconschepe,O,O
2419,der,O,O
2420,waerheden,O,O
2421,so,O,O
2422,hebben,O,O
2423,wij,O,O
2424,jan,B-PERS,B-PERS
2425,de,I-PERS,I-PERS
2426,busschere,I-PERS,I-PERS
2427,ende,O,O
2428,jan,B-PERS,B-PERS
2429,van,I-PERS,I-PERS
2430,heestert,I-PERS,I-PERS
2431,alse,O,O
2432,schepn,O,O
2433,in,O,O
2434,audende,B-LOC,B-LOC
2435,dese,O,O
2436,presente,O,O
2437,cyrographie,O,O
2438,ghezeghelt,O,O
2439,elc,O,O
2440,onser,O,O
2441,met,O,O
2442,sinen,O,O
2443,zeghele,O,O
2444,vte,O,O
2445,hanghende,O,O
2446,dit,O,O
2447,was,O,O
2448,ghedaen,O,O
2449,den,O,O
2450,xvj,B-DATE,O
2451,sten,I-DATE,O
2452,dach,I-DATE,O
2453,van,I-DATE,O
2454,laumaet,I-DATE,O
2455,jnt,O,O
2456,jaer,O,O
2457,ons,O,O
2458,heen,O,O
2459,als,O,O
2460,men,O,O
2461,screef,O,O
2462,mccc,B-DATE,B-DATE
2463,en,I-DATE,I-DATE
2464,lxxxvj,I-DATE,I-DATE
2465,weten,O,O
2466,alle,O,O
2467,de,O,O
2468,ghene,O,O
2469,die,O,O
2470,siin,O,O
2471,e,O,O
2472,selen,O,O
2473,siin,O,O
2474,dat,O,O
2475,joncvro,O,O
2476,magriete,B-PERS,B-PERS
2477,van,I-PERS,I-PERS
2478,rume,I-PERS,I-PERS
2479,heeft,O,O
2480,ontfaen,O,O
2481,e,O,O
2482,es,O,O
2483,gheerft,O,O
2484,wel,O,O
2485,e,O,O
2486,wettelike,O,O
2487,na,O,O
2488,de,O,O
2489,costume,O,O
2490,e,O,O
2491,dusage,O,O
2492,van,O,O
2493,den,O,O
2494,lande,O,O
2495,jn,O,O
2496,ellef,O,O
2497,vierendel,O,O
2498,lants,O,O
2499,dat,O,O
2500,te,O,O
2501,houdene,O,O
2502,jn,O,O
2503,alsulker,O,O
2504,manieren,O,O
2505,et,O,O
2506,der,O,O
2507,seluer,O,O
2508,vormen,O,O
2509,dat,O,O
2510,houdende,O,O
2511,was,O,O
2512,joncvro,O,O
2513,anes,B-PERS,B-PERS
2514,van,I-PERS,I-PERS
2515,musebrouc,I-PERS,I-PERS
2516,dat,O,O
2517,es,O,O
2518,te,O,O
2519,wetene,O,O
2520,dat,O,O
2521,soet,O,O
2522,cochte,O,O
2523,jeghen,O,O
2524,michiele,B-PERS,B-PERS
2525,barlebane,I-PERS,I-PERS
2526,et,O,O
2527,gaeft,O,O
2528,hem,O,O
2529,erflike,O,O
2530,omme,O,O
2531,xxxvi,B-MONEY,B-MONEY
2532,sc,I-MONEY,I-MONEY
2533,paris,I-MONEY,I-MONEY
2534,siars,O,O
2535,te,O,O
2536,gheldene,O,O
2537,te,O,O
2538,kersauonde,B-DATE,B-DATE
2539,et,O,O
2540,ne,O,O
2541,gonde,O,O
2542,hiit,O,O
2543,niet,O,O
2544,et,O,O
2545,de,O,O
2546,ghene,O,O
2547,diet,O,O
2548,na,O,O
2549,he,O,O
2550,houden,O,O
2551,selen,O,O
2552,siars,O,O
2553,binnen,O,O
2554,den,O,O
2555,vieren,O,O
2556,kersdaghen,O,O
2557,so,O,O
2558,ware,O,O
2559,die,O,O
2560,vorseide,O,O
2561,xi,O,O
2562,vierend,O,B-LOC
2563,lants,O,O
2564,vburt,O,O
2565,et,O,O
2566,mocht,O,O
2567,er,O,O
2568,die,O,O
2569,vors,O,O
2570,joncv,O,O
2571,anes,B-PERS,B-PERS
2572,hant,O,O
2573,an,O,O
2574,slaen,O,O
2575,et,O,O
2576,berghen,O,O
2577,et,O,O
2578,dalen,O,O
2579,gheliic,O,O
2580,hare,O,O
2581,ander,O,O
2582,eruen,O,O
2583,et,O,O
2584,jn,O,O
2585,allen,O,O
2586,dese,O,O
2587,vors,O,O
2588,pointen,O,O
2589,sonder,O,O
2590,meerne,O,O
2591,mindere,O,O
2592,et,O,O
2593,enech,O,O
2594,of,O,O
2595,doen,O,O
2596,so,O,O
2597,heeft,O,O
2598,joncv,O,O
2599,magriete,B-PERS,B-PERS
2600,van,I-PERS,I-PERS
2601,rume,I-PERS,I-PERS
2602,vor,O,O
2603,ghenomt,O,O
2604,dese,O,O
2605,vors,O,O
2606,xi,O,O
2607,vier,O,O
2608,lants,O,O
2609,ontfaen,O,O
2610,et,O,O
2611,esser,O,O
2612,wel,O,O
2613,et,O,O
2614,wettelike,O,O
2615,jn,O,O
2616,ghe,O,O
2617,ereft,O,O
2618,als,O,O
2619,vorseit,O,O
2620,es,O,O
2621,vore,O,O
2622,steuen,B-PERS,B-PERS
2623,den,I-PERS,I-PERS
2624,bartmacre,I-PERS,I-PERS
2625,bailiou,O,O
2626,sprofts,O,B-PERS
2627,van,O,I-PERS
2628,petenghe,B-LOC,I-PERS
2629,jhan,B-PERS,B-PERS
2630,bonen,I-PERS,I-PERS
2631,piet,B-PERS,B-PERS
2632,van,I-PERS,I-PERS
2633,heilebrouc,I-PERS,I-PERS
2634,e,O,O
2635,gherard,B-PERS,B-PERS
2636,den,I-PERS,I-PERS
2637,parmentier,I-PERS,I-PERS
2638,scepenen,O,O
2639,s,O,O
2640,forseits,O,O
2641,profts,O,O
2642,orconden,O,O
2643,der,O,O
2644,jhan,B-PERS,B-PERS
2645,prochipape,O,I-PERS
2646,van,O,O
2647,mo,B-LOC,O
2648,renghe,I-LOC,B-PERS
2649,deken,O,I-PERS
2650,van,O,O
2651,oudenarde,B-LOC,B-LOC
2652,sust,O,O
2653,beats,B-PERS,O
2654,peuse,O,O
2655,van,O,O
2656,den,O,O
2657,spetale,O,O
2658,van,O,O
2659,ouden,B-LOC,O
2660,maes,B-PERS,B-PERS
2661,vancaleberghe,I-PERS,I-PERS
2662,jhan,B-PERS,B-PERS
2663,nose,I-PERS,I-PERS
2664,hannek,B-PERS,O
2665,moenard,I-PERS,O
2666,te,O,O
2667,dien,O,O
2668,tiden,O,O
2669,clerc,O,O
2670,jnt,O,O
2671,spetail,O,O
2672,touden,B-LOC,O
2673,t,O,O
2674,was,O,O
2675,ghed,O,O
2676,jnt,O,O
2677,jaer,O,O
2678,van,O,O
2679,gcien,O,O
2680,mccc,B-DATE,B-DATE
2681,e,I-DATE,I-DATE
2682,viue,I-DATE,I-DATE
2683,jn,I-DATE,I-DATE
2684,meie,I-DATE,I-DATE
2685,jnt,O,I-DATE
2686,spetail,O,I-DATE
2687,in,O,I-DATE
2688,der,O,I-DATE
2689,peuser,O,I-DATE
2690,camere,O,I-DATE
2691,ant,O,I-DATE
2692,kerchof,O,I-DATE
2693,kenlijc,O,O
2694,zij,O,O
2695,allen,O,O
2696,lieden,O,O
2697,dat,O,O
2698,her,O,O
2699,gillis,B-PERS,B-PERS
2700,van,I-PERS,I-PERS
2701,waes,I-PERS,I-PERS
2702,priester,O,O
2703,heeft,O,O
2704,ghenome,O,O
2705,bi,O,O
2706,goeder,O,O
2707,ghetrauwer,O,O
2708,vorwordden,O,O
2709,teenen,O,O
2710,erffeleken,O,O
2711,pachte,O,O
2712,jeghen,O,O
2713,janne,B-PERS,B-PERS
2714,van,I-PERS,I-PERS
2715,cnoetighem,I-PERS,I-PERS
2716,al,O,O
2717,trecht,O,O
2718,dat,O,O
2719,jan,B-PERS,B-PERS
2720,vors,O,O
2721,adde,O,O
2722,in,O,O
2723,de,O,O
2724,huussen,O,O
2725,en,O,O
2726,eruen,O,O
2727,vor,O,O
2728,de,O,O
2729,kercstichele,B-LOC,O
2730,te,O,O
2731,paemle,B-LOC,B-LOC
2732,in,O,O
2733,de,O,O
2734,baerstrate,B-LOC,B-LOC
2735,twelke,O,O
2736,michiels,B-PERS,B-PERS
2737,sriken,I-PERS,I-PERS
2738,ende,O,O
2739,anneesen,B-PERS,B-PERS
2740,ziins,O,I-PERS
2741,eersts,O,O
2742,wijfs,O,O
2743,was,O,O
2744,in,O,O
2745,alzulker,O,O
2746,ghelaghen,O,O
2747,alst,O,O
2748,ghestaen,O,O
2749,en,O,O
2750,gheleghen,O,O
2751,es,O,O
2752,van,O,O
2753,voren,O,O
2754,tote,O,O
2755,bachten,O,O
2756,stappenants,O,O
2757,hant,O,O
2758,an,O,O
2759,te,O,O
2760,slane,O,O
2761,ome,O,O
2762,eene,O,O
2763,zekere,O,O
2764,some,O,O
2765,van,O,O
2766,iiij,B-MONEY,B-MONEY
2767,lb,I-MONEY,I-MONEY
2768,iiij,I-MONEY,I-MONEY
2769,sc,I-MONEY,I-MONEY
2770,par,I-MONEY,I-MONEY
2771,vlaendscher,I-MONEY,I-MONEY
2772,munten,I-MONEY,I-MONEY
2773,siaers,O,O
2774,erffeleker,O,O
2775,renten,O,O
2776,die,O,O
2777,mer,O,O
2778,den,O,O
2779,vors,O,O
2780,janne,B-PERS,B-PERS
2781,ofte,O,O
2782,sinen,O,O
2783,naercomers,O,O
2784,de,O,O
2785,causen,O,O
2786,van,O,O
2787,hem,O,O
2788,hebbende,O,O
2789,der,O,O
2790,ouer,O,O
2791,gheue,O,O
2792,en,O,O
2793,betalen,O,O
2794,moet,O,O
2795,boue,O,O
2796,den,O,O
2797,iiij,B-MONEY,B-MONEY
2798,sc,I-MONEY,I-MONEY
2799,vj,I-MONEY,I-MONEY
2800,d,I-MONEY,I-MONEY
2801,par,I-MONEY,I-MONEY
2802,der,O,O
2803,ouder,O,O
2804,renten,O,O
2805,die,O,O
2806,ute,O,O
2807,svors,O,O
2808,jans,B-PERS,B-PERS
2809,rechte,O,O
2810,was,O,O
2811,ghinghen,O,O
2812,en,O,O
2813,niet,O,O
2814,meer,O,O
2815,vallende,O,O
2816,en,O,O
2817,gheldende,O,O
2818,deerste,O,O
2819,paiemet,O,O
2820,iiij,B-MONEY,B-MONEY
2821,lb,I-MONEY,I-MONEY
2822,iiij,I-MONEY,I-MONEY
2823,sc,I-MONEY,I-MONEY
2824,par,I-MONEY,I-MONEY
2825,van,O,O
2826,d,O,O
2827,erffeleker,O,O
2828,rente,O,O
2829,vors,O,O
2830,te,O,O
2831,eeuweleec,O,O
2832,en,O,O
2833,erffeleec,O,O
2834,duerende,O,O
2835,ouer,O,O
2836,de,O,O
2837,welke,O,O
2838,vors,O,O
2839,erffeleke,O,O
2840,rente,O,O
2841,en,O,O
2842,alle,O,O
2843,vorwordde,O,O
2844,vors,O,O
2845,hem,O,O
2846,de,O,O
2847,vors,O,O
2848,jan,B-PERS,B-PERS
2849,van,I-PERS,I-PERS
2850,cnoetighem,I-PERS,I-PERS
2851,van,O,O
2852,den,O,O
2853,vors,O,O
2854,rechte,O,O
2855,van,O,O
2856,den,O,O
2857,huusse,O,O
2858,en,O,O
2859,erue,O,O
2860,vors,O,O
2861,hem,O,O
2862,wetteleke,O,O
2863,ontheruet,O,O
2864,heeft,O,O
2865,en,O,O
2866,doe,O,O
2867,was,O,O
2868,de,O,O
2869,vors,O,O
2870,her,O,O
2871,gillis,B-PERS,B-PERS
2872,van,I-PERS,I-PERS
2873,waes,I-PERS,I-PERS
2874,in,O,O
2875,ziin,O,O
2876,vors,O,O
2877,ghecochte,O,O
2878,recht,O,O
2879,van,O,O
2880,den,O,O
2881,huusse,O,O
2882,en,O,O
2883,erue,O,O
2884,vors,O,O
2885,wetteleke,O,O
2886,met,O,O
2887,voeghde,O,O
2888,der,O,O
2889,in,O,O
2890,gheheruet,O,O
2891,ende,O,O
2892,jan,B-PERS,B-PERS
2893,vors,O,O
2894,heeft,O,O
2895,belooft,O,O
2896,den,O,O
2897,vors,O,O
2898,her,O,O
2899,gillise,B-PERS,B-PERS
2900,van,O,I-PERS
2901,den,O,I-PERS
2902,rechte,O,I-PERS
2903,van,O,O
2904,den,O,O
2905,huuss,O,O
2906,en,O,O
2907,erue,O,O
2908,vors,O,O
2909,waerscheep,O,O
2910,jaer,O,O
2911,en,O,O
2912,dach,O,O
2913,naer,O,O
2914,costume,O,O
2915,en,O,O
2916,vsage,O,O
2917,van,O,O
2918,d,O,O
2919,vryheden,O,O
2920,van,O,O
2921,audende,B-LOC,B-LOC
2922,en,O,O
2923,van,O,O
2924,paemle,B-LOC,B-LOC
2925,en,O,O
2926,dese,O,O
2927,vors,O,O
2928,erffeleke,O,O
2929,rente,O,O
2930,en,O,O
2931,alle,O,O
2932,vorwordde,O,O
2933,vors,O,O
2934,die,O,O
2935,heeft,O,O
2936,de,O,O
2937,vors,O,O
2938,her,O,O
2939,gillis,B-PERS,B-PERS
2940,van,I-PERS,I-PERS
2941,waes,I-PERS,I-PERS
2942,belooft,O,O
2943,beset,O,O
2944,ende,O,O
2945,bewijst,O,O
2946,wetteleke,O,O
2947,met,O,O
2948,voeghde,O,O
2949,ouer,O,O
2950,hem,O,O
2951,en,O,O
2952,ouer,O,O
2953,sine,O,O
2954,naercomers,O,O
2955,wel,O,O
2956,te,O,O
2957,betaelnde,O,O
2958,ghelijc,O,O
2959,vors,O,O
2960,es,O,O
2961,te,O,O
2962,hebbene,O,O
2963,en,O,O
2964,te,O,O
2965,verreekene,O,O
2966,op,O,O
2967,de,O,O
2968,gheele,O,O
2969,erue,O,O
2970,vor,O,O
2971,steengat,O,O
2972,van,O,O
2973,der,O,O
2974,vorseider,O,O
2975,kercken,O,O
2976,die,O,O
2977,michiels,B-PERS,B-PERS
2978,sriken,I-PERS,I-PERS
2979,en,O,O
2980,anneesen,B-PERS,B-PERS
2981,siins,O,I-PERS
2982,eerst,O,O
2983,wetteleecx,O,O
2984,wijf,O,O
2985,was,O,O
2986,met,O,O
2987,allen,O,O
2988,den,O,O
2989,catteilen,O,O
2990,diere,O,O
2991,op,O,O
2992,ziin,O,O
2993,en,O,O
2994,wesen,O,O
2995,zelen,O,O
2996,eertvast,O,O
2997,en,O,O
2998,nagheluast,O,O
2999,en,O,O
3000,dese,O,O
3001,vors,O,O
3002,iiij,B-MONEY,B-MONEY
3003,lb,I-MONEY,I-MONEY
3004,iiij,I-MONEY,I-MONEY
3005,sc,I-MONEY,I-MONEY
3006,par,I-MONEY,I-MONEY
3007,siaers,O,O
3008,erffeleker,O,O
3009,renten,O,O
3010,die,O,O
3011,mach,O,O
3012,de,O,O
3013,vors,O,O
3014,her,O,O
3015,gillis,B-PERS,B-PERS
3016,ofte,O,O
3017,sine,O,O
3018,naercomers,O,O
3019,de,O,O
3020,causen,O,O
3021,van,O,O
3022,hem,O,O
3023,hebbende,O,O
3024,elder,O,O
3025,besetten,O,O
3026,en,O,O
3027,bewijsen,O,O
3028,binnen,O,O
3029,der,O,O
3030,vryheden,O,O
3031,van,O,O
3032,audende,B-LOC,B-LOC
3033,en,O,O
3034,van,O,O
3035,paemle,B-LOC,B-LOC
3036,of,O,O
3037,tusschen,O,O
3038,audende,B-LOC,B-LOC
3039,en,O,O
3040,beuer,B-LOC,O
3041,der,O,O
3042,kerken,O,O
3043,daer,O,O
3044,soe,O,O
3045,also,O,O
3046,wel,O,O
3047,beset,O,O
3048,en,O,O
3049,bewijst,O,O
3050,zij,O,O
3051,als,O,O
3052,soe,O,O
3053,nv,O,O
3054,es,O,O
3055,of,O,O
3056,bet,O,O
3057,te,O,O
3058,svors,O,O
3059,her,O,O
3060,gillis,B-PERS,B-PERS
3061,ofte,O,O
3062,sier,O,O
3063,naercomers,O,O
3064,coste,O,O
3065,de,O,O
3066,bringhe,O,O
3067,van,O,O
3068,deser,O,O
3069,cyrogphien,O,O
3070,machtich,O,O
3071,wesende,O,O
3072,dese,O,O
3073,vors,O,O
3074,erffeleke,O,O
3075,rente,O,O
3076,te,O,O
3077,jnnene,O,O
3078,en,O,O
3079,te,O,O
3080,vreekene,O,O
3081,te,O,O
3082,svors,O,O
3083,jans,B-PERS,B-PERS
3084,van,I-PERS,I-PERS
3085,cnoetighems,I-PERS,I-PERS
3086,bouf,O,O
3087,ofte,O,O
3088,te,O,O
3089,te,O,O
3090,ziins,O,B-LOC
3091,oers,O,O
3092,en,O,O
3093,naercomers,O,O
3094,bouf,O,O
3095,ghebrake,O,O
3096,ziins,O,O
3097,de,O,O
3098,causen,O,O
3099,vors,O,O
3100,van,O,O
3101,hem,O,O
3102,hebbende,O,O
3103,jn,O,O
3104,kennesse,O,O
3105,en,O,O
3106,oercoschepe,O,O
3107,der,O,O
3108,waerheden,O,O
3109,so,O,O
3110,hebben,O,O
3111,wij,O,O
3112,oliuier,B-PERS,B-PERS
3113,van,I-PERS,I-PERS
3114,huerne,I-PERS,I-PERS
3115,jnghel,B-PERS,B-PERS
3116,van,I-PERS,I-PERS
3117,erleghem,I-PERS,I-PERS
3118,en,O,O
3119,collaert,B-PERS,O
3120,lodemaer,I-PERS,O
3121,alse,O,O
3122,schepen,O,O
3123,in,O,O
3124,audende,B-LOC,B-LOC
3125,dese,O,O
3126,presente,O,O
3127,cyrogphie,O,O
3128,ghezeghelt,O,O
3129,elc,O,O
3130,onser,O,O
3131,met,O,O
3132,sinen,O,O
3133,zeghele,O,O
3134,ute,O,O
3135,hanghende,O,O
3136,dit,O,O
3137,was,O,O
3138,ghedaen,O,O
3139,den,O,O
3140,xijste,B-DATE,O
3141,dach,I-DATE,O
3142,van,I-DATE,O
3143,nouembre,I-DATE,B-LOC
3144,jnt,O,O
3145,jaer,O,O
3146,ons,O,O
3147,heen,O,O
3148,als,O,O
3149,me,O,O
3150,screef,O,O
3151,mccc,B-DATE,B-DATE
3152,iiijxx,I-DATE,I-DATE
3153,ende,I-DATE,I-DATE
3154,neghenne,I-DATE,I-DATE
3155,wij,O,O
3156,zuster,O,O
3157,beatrice,B-PERS,B-PERS
3158,van,I-PERS,I-PERS
3159,der,I-PERS,I-PERS
3160,asselt,I-PERS,I-PERS
3161,prieuse,O,O
3162,van,O,O
3163,den,O,O
3164,hospitale,O,O
3165,onser,B-PERS,O
3166,vrouwen,I-PERS,O
3167,van,O,O
3168,audenaerde,B-LOC,B-LOC
3169,ende,O,O
3170,zustren,O,O
3171,en,O,O
3172,broeders,O,O
3173,van,O,O
3174,den,O,O
3175,zeluen,O,O
3176,hospitale,O,O
3177,doen,O,O
3178,te,O,O
3179,wetene,O,O
3180,allen,O,O
3181,lieden,O,O
3182,dat,O,O
3183,wij,O,O
3184,hebben,O,O
3185,ghegheuen,O,O
3186,jn,O,O
3187,loeyalen,O,O
3188,pachte,O,O
3189,pietre,B-PERS,O
3190,den,I-PERS,O
3191,cupre,I-PERS,B-LOC
3192,de,O,O
3193,erue,O,O
3194,die,O,O
3195,wij,O,O
3196,hebben,O,O
3197,ligghende,O,O
3198,jn,O,O
3199,de,O,O
3200,poert,O,O
3201,van,O,O
3202,audenaerde,B-LOC,B-LOC
3203,jeghen,O,O
3204,sente,B-LOC,O
3205,amants,I-LOC,O
3206,capelle,I-LOC,O
3207,oestwert,O,B-LOC
3208,daer,O,O
3209,wilen,O,O
3210,op,O,O
3211,woende,O,O
3212,wouter,B-PERS,B-PERS
3213,van,I-PERS,I-PERS
3214,der,I-PERS,I-PERS
3215,haghe,I-PERS,I-PERS
3216,teenen,O,O
3217,termine,O,O
3218,van,O,O
3219,lxxix,O,O
3220,jaren,O,O
3221,achter,O,O
3222,een,O,O
3223,duerende,O,O
3224,van,O,O
3225,kersauonde,B-DATE,B-DATE
3226,jnt,O,O
3227,jaer,O,O
3228,dertienhondert,B-DATE,B-DATE
3229,twe,I-DATE,I-DATE
3230,en,I-DATE,I-DATE
3231,zestich,I-DATE,I-DATE
3232,omme,O,I-DATE
3233,drie,B-MONEY,B-MONEY
3234,pont,I-MONEY,I-MONEY
3235,paris,I-MONEY,I-MONEY
3236,elx,O,O
3237,siaers,O,O
3238,alsulke,O,O
3239,paris,O,O
3240,alse,O,O
3241,de,O,O
3242,heeren,O,O
3243,van,O,O
3244,den,O,O
3245,lande,O,O
3246,jaerlex,O,O
3247,ontfaen,O,O
3248,zelen,O,O
3249,van,O,O
3250,haren,O,O
3251,renten,O,O
3252,ten,O,O
3253,daghen,O,O
3254,dat,O,O
3255,dese,O,O
3256,pacht,O,O
3257,valt,O,O
3258,te,O,O
3259,gheldene,O,O
3260,deen,O,O
3261,heelt,O,O
3262,van,O,O
3263,den,O,O
3264,eerste,O,O
3265,pachte,O,O
3266,te,O,O
3267,kersauonde,B-DATE,B-DATE
3268,jnt,O,O
3269,jaer,O,O
3270,dusentech,B-DATE,B-DATE
3271,driehondert,I-DATE,I-DATE
3272,drie,I-DATE,I-DATE
3273,en,I-DATE,I-DATE
3274,zestech,I-DATE,I-DATE
3275,en,O,I-DATE
3276,dandre,O,I-DATE
3277,heelt,O,I-DATE
3278,te,O,I-DATE
3279,sente,B-DATE,I-DATE
3280,jansmesse,I-DATE,I-DATE
3281,daer,O,O
3282,naest,O,O
3283,commende,O,O
3284,en,O,O
3285,alsoe,O,O
3286,voert,O,O
3287,te,O,O
3288,gheldene,O,O
3289,van,O,O
3290,jare,O,O
3291,te,O,O
3292,jare,O,O
3293,den,O,O
3294,vors,O,O
3295,termijn,O,O
3296,duerende,O,O
3297,voert,O,O
3298,so,O,O
3299,vant,O,O
3300,piet,B-PERS,B-PERS
3301,vors,O,O
3302,op,O,O
3303,dese,O,O
3304,vorseide,O,O
3305,erue,O,O
3306,een,O,O
3307,huus,O,O
3308,en,O,O
3309,cateyle,O,O
3310,dwelke,O,O
3311,huus,O,O
3312,en,O,O
3313,cateyle,O,O
3314,hi,O,O
3315,cochte,O,O
3316,jeghen,O,O
3317,ons,O,O
3318,ome,O,O
3319,tiene,O,B-MONEY
3320,pont,O,I-MONEY
3321,gro,O,I-MONEY
3322,dewelke,O,I-MONEY
3323,tiene,O,I-MONEY
3324,pont,O,I-MONEY
3325,gro,O,I-MONEY
3326,vors,O,I-MONEY
3327,de,O,I-MONEY
3328,vors,O,I-MONEY
3329,piet,B-PERS,B-PERS
3330,ons,O,O
3331,heeft,O,O
3332,wel,O,O
3333,en,O,O
3334,soffisantelic,O,O
3335,betaelt,O,O
3336,waer,O,O
3337,af,O,O
3338,wij,O,O
3339,ons,O,O
3340,hauden,O,O
3341,wel,O,O
3342,ghepaeyt,O,O
3343,en,O,O
3344,vernoucht,O,O
3345,en,O,O
3346,hebben,O,O
3347,der,O,O
3348,af,O,O
3349,quiteghescolden,O,O
3350,en,O,O
3351,scelden,O,O
3352,quite,O,O
3353,den,O,O
3354,vors,O,O
3355,pietre,B-PERS,O
3356,zinen,O,O
3357,nacommers,O,O
3358,en,O,O
3359,allen,O,O
3360,den,O,O
3361,ghenen,O,O
3362,daer,O,O
3363,quitesceldinghe,O,O
3364,der,O,O
3365,af,O,O
3366,toebehoert,O,O
3367,ende,O,O
3368,in,O,O
3369,manieren,O,O
3370,dat,O,O
3371,de,O,O
3372,vorseide,O,O
3373,piet,B-PERS,B-PERS
3374,en,O,O
3375,zine,O,O
3376,nacomers,O,O
3377,zelen,O,O
3378,moeten,O,O
3379,hauden,O,O
3380,staende,O,O
3381,tvorseide,O,O
3382,huus,O,O
3383,en,O,O
3384,cateyle,O,O
3385,op,O,O
3386,derue,O,O
3387,vors,O,O
3388,te,O,O
3389,haer,O,O
3390,lieder,O,O
3391,profite,O,O
3392,al,O,O
3393,den,O,O
3394,vors,O,O
3395,termijn,O,O
3396,duerende,O,O
3397,dwelke,O,O
3398,huus,O,O
3399,en,O,O
3400,cateyle,O,O
3401,zijn,O,O
3402,altoes,O,O
3403,pant,O,O
3404,ome,O,O
3405,ons,O,O
3406,en,O,O
3407,onser,O,B-DATE
3408,nacommers,O,I-DATE
3409,der,O,I-DATE
3410,an,O,I-DATE
3411,te,O,I-DATE
3412,verhaelne,O,I-DATE
3413,den,O,I-DATE
3414,vors,O,I-DATE
3415,pacht,O,I-DATE
3416,ende,O,I-DATE
3417,tvorseide,O,I-DATE
3418,huus,O,O
3419,en,O,O
3420,alle,O,O
3421,dandre,O,O
3422,cateyle,O,O
3423,die,O,O
3424,wesen,O,O
3425,zullen,O,O
3426,op,O,O
3427,derue,O,O
3428,vors,O,O
3429,ten,O,O
3430,ende,O,O
3431,van,O,O
3432,den,O,O
3433,vors,O,O
3434,termine,O,O
3435,die,O,O
3436,zelen,O,O
3437,wij,O,O
3438,moeten,O,O
3439,hebben,O,O
3440,bi,O,O
3441,prise,O,O
3442,van,O,O
3443,goeden,O,O
3444,lieden,O,O
3445,ghelike,O,O
3446,dat,O,O
3447,zij,O,O
3448,ter,O,O
3449,erden,O,O
3450,laghen,O,O
3451,ende,O,O
3452,omme,O,O
3453,dat,O,O
3454,wij,O,O
3455,vorseide,O,O
3456,prieuse,O,O
3457,zustren,O,O
3458,en,O,O
3459,broeders,O,O
3460,willen,O,O
3461,dat,O,O
3462,alle,O,O
3463,dese,O,O
3464,vorseide,O,O
3465,dinghen,O,O
3466,bliuen,O,O
3467,goet,O,O
3468,vaste,O,O
3469,ghestade,O,O
3470,en,O,O
3471,wel,O,O
3472,ghehouden,O,O
3473,van,O,O
3474,ons,O,O
3475,en,O,O
3476,van,O,O
3477,onsen,O,O
3478,nacommers,O,O
3479,so,O,O
3480,hebben,O,O
3481,wij,O,O
3482,jn,O,O
3483,kennessen,O,O
3484,der,O,O
3485,waerheden,O,O
3486,dese,O,O
3487,jeghenwordeghe,O,O
3488,lettren,O,O
3489,gheseghelt,O,O
3490,metten,O,O
3491,ghemeenen,O,O
3492,zeghele,O,O
3493,ons,O,O
3494,conuents,O,O
3495,huut,O,O
3496,hanghende,O,O
3497,dit,O,O
3498,was,O,O
3499,ghedaen,O,O
3500,jnt,O,O
3501,jaer,O,O
3502,ons,O,O
3503,heeren,O,O
3504,dusentech,B-DATE,B-DATE
3505,driehondert,I-DATE,I-DATE
3506,een,I-DATE,I-DATE
3507,ende,I-DATE,I-DATE
3508,zestech,I-DATE,I-DATE
3509,lxiij,I-DATE,I-DATE
3510,de,I-DATE,I-DATE
3511,xxvijste,I-DATE,I-DATE
3512,dach,I-DATE,I-DATE
3513,va,I-DATE,I-DATE
3514,hoeymaent,I-DATE,I-DATE
3515,kenlic,O,O
3516,zij,O,O
3517,allen,O,O
3518,lieden,O,O
3519,dat,O,O
3520,gillis,B-PERS,B-PERS
3521,crupeninc,I-PERS,I-PERS
3522,ende,O,O
3523,jonf,O,O
3524,kateline,B-PERS,B-PERS
3525,ziin,O,O
3526,wetteleke,O,O
3527,wijf,O,O
3528,gheue,O,O
3529,ende,O,O
3530,hebben,O,O
3531,ghegheue,O,O
3532,ter,O,O
3533,eeren,O,O
3534,van,O,O
3535,gode,B-PERS,B-PERS
3536,den,O,O
3537,ospittale,O,O
3538,van,O,O
3539,onser,B-PERS,B-PERS
3540,vrouwen,I-PERS,I-PERS
3541,taudende,B-LOC,B-LOC
3542,thuus,O,O
3543,en,O,O
3544,erue,O,O
3545,dat,O,O
3546,men,O,O
3547,heet,O,O
3548,den,O,O
3549,stheen,B-LOC,O
3550,van,I-LOC,O
3551,jnghelant,I-LOC,O
3552,bachten,O,O
3553,der,O,O
3554,kercken,O,O
3555,taudende,B-LOC,B-DATE
3556,den,O,O
3557,vorseide,O,O
3558,ospittaele,O,O
3559,hant,O,O
3560,der,O,O
3561,an,O,O
3562,te,O,O
3563,slane,O,O
3564,stappenants,O,O
3565,naer,O,O
3566,dat,O,O
3567,mijn,O,O
3568,jonfr,O,O
3569,de,O,O
3570,wedewe,O,O
3571,van,O,O
3572,franssoise,B-PERS,O
3573,va,I-PERS,O
3574,hautkercke,I-PERS,B-PERS
3575,miins,O,I-PERS
3576,h,O,O
3577,jacops,B-PERS,B-PERS
3578,docht,O,O
3579,van,B-PERS,O
3580,eemsrode,I-PERS,O
3581,was,O,O
3582,gheuare,O,O
3583,sal,O,O
3584,ziin,O,O
3585,van,O,O
3586,liue,O,O
3587,ter,O,O
3588,doet,O,O
3589,met,O,O
3590,al,O,O
3591,den,O,O
3592,rechte,O,O
3593,datter,O,O
3594,gillis,B-PERS,B-PERS
3595,ende,O,O
3596,jonfr,O,O
3597,katel,B-PERS,B-PERS
3598,vors,O,O
3599,an,O,O
3600,hadden,O,O
3601,ghelijc,O,O
3602,en,O,O
3603,alsoe,O,O
3604,sijt,O,O
3605,cochten,O,O
3606,jeghen,O,O
3607,jan,B-PERS,B-PERS
3608,bloocs,I-PERS,I-PERS
3609,oer,O,O
3610,sonder,O,O
3611,gillise,B-PERS,B-PERS
3612,en,O,O
3613,jonfr,O,O
3614,kateline,B-PERS,B-PERS
3615,vor,O,O
3616,of,O,O
3617,hare,O,O
3618,oere,O,O
3619,ende,O,O
3620,naercomers,O,O
3621,nemermeer,O,O
3622,jet,O,O
3623,der,O,O
3624,an,O,O
3625,te,O,O
3626,hebbene,O,O
3627,ofte,O,O
3628,te,O,O
3629,verhaellene,O,O
3630,en,O,O
3631,eeuweleken,O,O
3632,de,O,O
3633,vorseide,O,O
3634,ospitale,O,O
3635,te,O,O
3636,bliuene,O,O
3637,en,O,O
3638,gillis,B-PERS,B-PERS
3639,en,O,O
3640,jonfr,O,O
3641,kateline,B-PERS,B-PERS
3642,vor,O,O
3643,met,O,O
3644,hem,O,O
3645,alse,O,O
3646,met,O,O
3647,hare,O,O
3648,wetteleke,O,O
3649,ma,O,O
3650,en,O,O
3651,voeght,O,O
3652,hebben,O,O
3653,hemlieden,O,O
3654,van,O,O
3655,de,O,O
3656,vorseide,O,O
3657,huus,O,O
3658,en,O,O
3659,erue,O,O
3660,wetteleke,O,O
3661,onthuut,O,O
3662,en,O,O
3663,ontheruet,O,O
3664,en,O,O
3665,doe,O,O
3666,was,O,O
3667,der,O,O
3668,gillis,B-PERS,B-PERS
3669,mondekin,I-PERS,I-PERS
3670,alse,O,O
3671,caeppellaen,O,O
3672,mier,O,O
3673,vrouwen,O,O
3674,der,O,O
3675,priheusen,O,O
3676,ende,O,O
3677,haren,O,O
3678,zusteren,O,O
3679,jnt,O,O
3680,vorseide,O,O
3681,huus,O,O
3682,en,O,O
3683,erue,O,O
3684,wetteleke,O,O
3685,met,O,O
3686,voeghde,O,O
3687,gheheruet,O,O
3688,te,O,O
3689,vorseiden,O,O
3690,hospittale,O,O
3691,bouf,O,O
3692,ende,O,O
3693,gillis,B-PERS,B-PERS
3694,ende,O,O
3695,jonfr,O,O
3696,kateline,B-PERS,B-PERS
3697,vor,O,O
3698,hebben,O,O
3699,belooft,O,O
3700,den,O,O
3701,vorseiden,O,O
3702,der,O,O
3703,gillis,B-PERS,B-PERS
3704,mondekine,I-PERS,I-PERS
3705,in,O,O
3706,den,O,O
3707,name,O,O
3708,van,O,O
3709,den,O,O
3710,ospittale,O,O
3711,vor,O,O
3712,van,O,O
3713,den,O,O
3714,vorseiden,O,O
3715,huus,O,O
3716,en,O,O
3717,erue,O,O
3718,te,O,O
3719,doenne,O,O
3720,waerscheep,O,O
3721,jaer,O,O
3722,en,O,O
3723,dach,O,O
3724,naer,O,O
3725,costume,O,O
3726,en,O,O
3727,vsaedze,O,O
3728,van,O,O
3729,der,O,O
3730,vryheden,O,O
3731,van,O,O
3732,audende,B-LOC,B-LOC
3733,jn,O,O
3734,kennesse,O,O
3735,ene,O,O
3736,oerconschepe,O,O
3737,der,O,O
3738,waerheden,O,O
3739,so,O,O
3740,hebben,O,O
3741,wij,O,O
3742,jan,B-PERS,B-PERS
3743,devisschere,I-PERS,I-PERS
3744,meester,O,O
3745,jan,B-PERS,B-PERS
3746,van,I-PERS,I-PERS
3747,der,I-PERS,I-PERS
3748,meere,I-PERS,I-PERS
3749,ende,O,O
3750,daneel,B-PERS,B-PERS
3751,van,I-PERS,I-PERS
3752,clessenaere,I-PERS,I-PERS
3753,alse,O,O
3754,schepene,O,O
3755,in,O,O
3756,audende,B-LOC,B-LOC
3757,dese,O,O
3758,presente,O,O
3759,cyrogphie,O,O
3760,ghezeghelt,O,O
3761,elc,O,O
3762,onser,O,O
3763,met,O,O
3764,sinen,O,O
3765,zeghele,O,O
3766,vte,O,O
3767,hanghende,O,O
3768,dit,O,O
3769,was,O,O
3770,ghedaen,O,O
3771,op,O,O
3772,den,O,O
3773,xxiiijsten,B-DATE,O
3774,dach,I-DATE,O
3775,in,I-DATE,O
3776,ougstmaet,I-DATE,O
3777,jnt,O,O
3778,jaer,O,O
3779,ons,O,O
3780,heen,O,O
3781,als,O,O
3782,men,O,O
3783,screef,O,O
3784,mccc,B-DATE,B-DATE
3785,iiijxx,I-DATE,I-DATE
3786,ende,I-DATE,I-DATE
3787,tienne,I-DATE,I-DATE
3788,kenlijc,O,O
3789,zij,O,O
3790,allen,O,O
3791,lieden,O,O
3792,dat,O,O
3793,lodewijc,B-PERS,B-PERS
3794,van,I-PERS,I-PERS
3795,den,I-PERS,I-PERS
3796,hecke,I-PERS,I-PERS
3797,heeft,O,O
3798,ghegheuen,O,O
3799,en,O,O
3800,gheeft,O,O
3801,joncfr,O,O
3802,grielen,B-PERS,B-PERS
3803,jan,B-PERS,B-PERS
3804,smeden,I-PERS,I-PERS
3805,dochte,O,O
3806,sier,O,O
3807,nichten,O,O
3808,boudins,B-PERS,O
3809,wijf,O,O
3810,van,B-PERS,O
3811,wijchuus,I-PERS,O
3812,zes,B-MONEY,B-MONEY
3813,lb,I-MONEY,I-MONEY
3814,paris,I-MONEY,I-MONEY
3815,siaers,O,O
3816,erfeliker,O,O
3817,renten,O,O
3818,te,O,O
3819,betaelne,O,O
3820,ten,O,O
3821,tween,O,O
3822,paymenten,O,O
3823,siaers,O,O
3824,en,O,O
3825,met,O,O
3826,alzulker,O,O
3827,muten,O,O
3828,als,O,O
3829,men,O,O
3830,ghemeenlijc,O,O
3831,binnen,O,O
3832,der,O,O
3833,stede,O,O
3834,van,O,O
3835,audenarde,B-LOC,B-LOC
3836,erfelike,O,O
3837,rente,O,O
3838,betalen,O,O
3839,sal,O,O
3840,ten,O,O
3841,daghe,O,O
3842,van,O,O
3843,paymente,O,O
3844,waer,O,O
3845,af,O,O
3846,deen,O,O
3847,helt,O,O
3848,ende,O,O
3849,deerste,O,O
3850,payment,O,O
3851,vallen,O,O
3852,sal,O,O
3853,te,O,O
3854,gheldene,O,O
3855,te,O,O
3856,kerssauonde,B-DATE,B-DATE
3857,jnt,I-DATE,O
3858,jaer,I-DATE,O
3859,xiijc,I-DATE,O
3860,xcviij,I-DATE,O
3861,ende,O,O
3862,dander,O,O
3863,helt,O,O
3864,dander,O,O
3865,payment,O,O
3866,te,O,O
3867,sente,B-DATE,B-DATE
3868,jansmesse,I-DATE,I-DATE
3869,in,O,O
3870,midden,B-DATE,B-DATE
3871,some,I-DATE,I-DATE
3872,daer,O,O
3873,naest,O,O
3874,volghende,O,O
3875,ende,O,O
3876,alsoe,O,O
3877,voort,O,O
3878,te,O,O
3879,gheldene,O,O
3880,van,O,O
3881,jare,O,O
3882,te,O,O
3883,jare,O,O
3884,ten,O,O
3885,tween,O,O
3886,paymente,O,O
3887,ghelijc,O,O
3888,vors,O,O
3889,es,O,O
3890,eewelijc,O,O
3891,en,O,O
3892,erfelijc,O,O
3893,duerende,O,O
3894,altoes,O,O
3895,ombegrepen,O,O
3896,xiiij,O,O
3897,nacht,O,O
3898,naer,O,O
3899,elken,O,O
3900,dach,O,O
3901,ende,O,O
3902,dese,O,O
3903,vors,O,O
3904,erfelike,O,O
3905,rente,O,O
3906,heeft,O,O
3907,lodewijc,B-PERS,B-PERS
3908,vors,O,O
3909,met,O,O
3910,voghde,O,O
3911,der,O,O
3912,vorseid,O,O
3913,joncfr,O,O
3914,grielen,B-PERS,B-PERS
3915,bewijst,O,O
3916,en,O,O
3917,beset,O,O
3918,te,O,O
3919,jnnene,O,O
3920,en,O,O
3921,te,O,O
3922,hebbene,O,O
3923,hare,O,O
3924,en,O,O
3925,haren,O,O
3926,oire,O,O
3927,en,O,O
3928,naercomers,O,O
3929,de,O,O
3930,x,B-MONEY,B-MONEY
3931,sc,I-MONEY,I-MONEY
3932,viij,I-MONEY,I-MONEY
3933,d,I-MONEY,I-MONEY
3934,paris,I-MONEY,I-MONEY
3935,siaers,O,O
3936,vp,O,O
3937,thuus,O,O
3938,en,O,O
3939,erue,O,O
3940,staende,O,O
3941,te,O,O
3942,pamele,B-LOC,B-LOC
3943,bachten,O,O
3944,den,O,O
3945,kerkoue,B-LOC,O
3946,jeghen,O,O
3947,dendelduere,O,B-PERS
3948,dat,O,O
3949,jan,B-PERS,B-PERS
3950,pampleurs,I-PERS,I-PERS
3951,was,O,O
3952,vallende,O,O
3953,telken,O,O
3954,kerssauonde,B-DATE,B-DATE
3955,de,O,O
3956,welke,O,O
3957,x,B-MONEY,B-MONEY
3958,sc,I-MONEY,I-MONEY
3959,viij,I-MONEY,I-MONEY
3960,d,I-MONEY,I-MONEY
3961,paris,I-MONEY,I-MONEY
3962,lodewijc,B-PERS,B-PERS
3963,vors,O,O
3964,in,O,O
3965,tiden,O,O
3966,vorleden,O,O
3967,cochte,O,O
3968,en,O,O
3969,wel,O,O
3970,betaelde,O,O
3971,jeghe,O,O
3972,fransoys,B-PERS,B-PERS
3973,crupeninghe,I-PERS,I-PERS
3974,en,O,O
3975,sine,O,O
3976,ghesellen,O,O
3977,als,O,O
3978,voghde,O,O
3979,van,O,O
3980,den,O,O
3981,weesen,O,O
3982,van,O,O
3983,audenarde,B-LOC,B-LOC
3984,in,O,O
3985,dien,O,O
3986,tijt,O,O
3987,en,O,O
3988,waren,O,O
3989,gillen,B-PERS,O
3990,van,I-PERS,O
3991,vse,I-PERS,O
3992,jans,B-PERS,B-PERS
3993,sone,I-PERS,O
3994,harer,O,O
3995,weese,O,O
3996,ghelijc,O,O
3997,dat,O,O
3998,de,O,O
3999,wettel,O,O
4000,cyrogr,O,O
4001,van,O,O
4002,dien,O,O
4003,coepe,O,O
4004,wel,O,O
4005,verclaert,O,O
4006,ende,O,O
4007,tsourplus,O,O
4008,van,O,O
4009,der,O,O
4010,vors,O,O
4011,rente,O,O
4012,heeft,O,O
4013,lodewijc,B-PERS,B-PERS
4014,vors,O,O
4015,bewijst,O,O
4016,en,O,O
4017,beset,O,O
4018,op,O,O
4019,beede,O,O
4020,sine,O,O
4021,huse,O,O
4022,ende,O,O
4023,eruen,O,O
4024,van,O,O
4025,voren,O,O
4026,tote,O,O
4027,bachten,O,O
4028,staende,O,O
4029,an,O,O
4030,den,O,O
4031,meynaert,B-LOC,O
4032,tusschen,O,O
4033,piets,B-PERS,B-PERS
4034,huus,O,O
4035,ende,O,O
4036,erue,O,O
4037,van,O,O
4038,coye,B-PERS,O
4039,an,O,O
4040,deen,O,O
4041,side,O,O
4042,en,O,O
4043,der,O,O
4044,waerden,O,O
4045,van,O,O
4046,der,O,O
4047,stede,O,O
4048,an,O,O
4049,de,O,O
4050,beuer,B-LOC,O
4051,porte,I-LOC,O
4052,an,O,O
4053,dandre,O,O
4054,ende,O,O
4055,van,O,O
4056,desen,O,O
4057,vj,B-MONEY,B-MONEY
4058,lb,I-MONEY,I-MONEY
4059,paris,I-MONEY,I-MONEY
4060,erfeliker,O,O
4061,renten,O,O
4062,siaers,O,O
4063,so,O,O
4064,heeft,O,O
4065,hem,O,O
4066,de,O,O
4067,vors,O,O
4068,lodewijc,B-PERS,B-PERS
4069,wel,O,O
4070,en,O,O
4071,wettelijc,O,O
4072,onduut,O,O
4073,ende,O,O
4074,onderft,O,O
4075,ende,O,O
4076,ghewuerpt,O,O
4077,en,O,O
4078,joncfr,O,O
4079,grielen,B-PERS,B-PERS
4080,vors,O,O
4081,wettelijc,O,O
4082,der,O,O
4083,toe,O,O
4084,ghedaen,O,O
4085,ende,O,O
4086,der,O,O
4087,in,O,O
4088,gheherft,O,O
4089,ende,O,O
4090,waerscep,O,O
4091,ghelooft,O,O
4092,jaer,O,O
4093,en,O,O
4094,dach,O,O
4095,al,O,O
4096,naer,O,O
4097,wet,O,O
4098,costume,O,O
4099,en,O,O
4100,vsage,O,O
4101,van,O,O
4102,d,O,O
4103,vriheden,O,O
4104,van,O,O
4105,audenarde,B-LOC,B-LOC
4106,ende,O,O
4107,hier,O,O
4108,vp,O,O
4109,hebben,O,O
4110,de,O,O
4111,vors,O,O
4112,joncfr,O,O
4113,griele,B-PERS,B-PERS
4114,ende,O,O
4115,boudin,B-PERS,B-PERS
4116,van,I-PERS,I-PERS
4117,wijchuus,I-PERS,I-PERS
4118,haer,O,O
4119,wettel,O,O
4120,man,O,O
4121,en,O,O
4122,vooght,O,O
4123,mit,O,O
4124,vogde,O,O
4125,ou,O,O
4126,heml,O,O
4127,en,O,O
4128,ou,O,O
4129,haer,O,O
4130,oir,O,O
4131,en,O,O
4132,naercomers,O,O
4133,quite,O,O
4134,ghescholden,O,O
4135,ende,O,O
4136,schelden,O,O
4137,quite,O,O
4138,den,O,O
4139,vors,O,O
4140,lodewicke,B-PERS,B-PERS
4141,sinen,O,O
4142,oire,O,O
4143,en,O,O
4144,naercomers,O,O
4145,van,O,O
4146,allen,O,O
4147,saken,O,O
4148,en,O,O
4149,heessche,O,O
4150,die,O,O
4151,zij,O,O
4152,den,O,O
4153,vors,O,O
4154,lodewijcke,B-PERS,B-PERS
4155,heesschen,O,O
4156,mochten,O,O
4157,toten,O,O
4158,daghe,O,O
4159,van,O,O
4160,heden,O,O
4161,van,O,O
4162,al,O,O
4163,tal,O,O
4164,niet,O,O
4165,vte,O,O
4166,gheleit,O,O
4167,jn,O,O
4168,kennessen,O,O
4169,der,O,O
4170,waerheden,O,O
4171,hebben,O,O
4172,wij,O,O
4173,meest,O,O
4174,jan,B-PERS,B-PERS
4175,van,I-PERS,I-PERS
4176,dmee,I-PERS,I-PERS
4177,willem,B-PERS,B-PERS
4178,cabelliou,I-PERS,I-PERS
4179,ende,O,O
4180,arend,B-PERS,B-PERS
4181,van,I-PERS,I-PERS
4182,maerke,I-PERS,I-PERS
4183,alse,O,O
4184,scepene,O,O
4185,jn,O,O
4186,audenarde,B-LOC,B-LOC
4187,dese,O,O
4188,pnte,O,O
4189,cyrogr,O,O
4190,gheseghelt,O,O
4191,elc,O,O
4192,onser,O,O
4193,met,O,O
4194,sinen,O,O
4195,segle,O,O
4196,vte,O,O
4197,hanghende,O,O
4198,die,O,O
4199,was,O,O
4200,ghedaen,O,O
4201,jnt,O,O
4202,jaer,O,O
4203,ons,O,O
4204,heen,O,O
4205,mccc,B-DATE,B-DATE
4206,xcviij,I-DATE,I-DATE
4207,den,I-DATE,I-DATE
4208,xvij,I-DATE,I-DATE
4209,sten,I-DATE,I-DATE
4210,dach,I-DATE,I-DATE
4211,in,I-DATE,I-DATE
4212,braecmaent,I-DATE,I-DATE
4213,die,O,O
4214,nu,O,O
4215,benijt,O,O
4216,wij,O,O
4217,manne,O,O
4218,mins,O,O
4219,hen,O,O
4220,van,O,O
4221,sottenghe,B-LOC,B-LOC
4222,gherart,B-PERS,B-PERS
4223,van,I-PERS,I-PERS
4224,bost,I-PERS,I-PERS
4225,gherart,B-PERS,B-PERS
4226,van,I-PERS,I-PERS
4227,den,I-PERS,I-PERS
4228,bghe,I-PERS,I-PERS
4229,ende,O,O
4230,gherart,B-PERS,B-PERS
4231,van,I-PERS,I-PERS
4232,reaghe,I-PERS,I-PERS
4233,maken,O,O
4234,cont,O,O
4235,ende,O,O
4236,kenleec,O,O
4237,allen,O,O
4238,den,O,O
4239,ghenen,O,O
4240,die,O,O
4241,dese,O,O
4242,lettren,O,O
4243,selen,O,O
4244,zien,O,O
4245,ofte,O,O
4246,hoeren,O,O
4247,lesen,O,O
4248,dat,O,O
4249,gillis,B-PERS,B-PERS
4250,van,I-PERS,I-PERS
4251,waesbghe,I-PERS,I-PERS
4252,heeft,O,O
4253,ghecocht,O,O
4254,wettelike,O,O
4255,ende,O,O
4256,redelike,O,O
4257,jeghen,O,O
4258,mire,O,O
4259,vrouwen,O,O
4260,vreinwiuen,O,O
4261,een,O,O
4262,leen,O,O
4263,dat,O,O
4264,soe,O,O
4265,houdende,O,O
4266,was,O,O
4267,van,O,O
4268,minen,O,O
4269,he,O,O
4270,van,O,O
4271,sottenghe,B-LOC,B-LOC
4272,in,O,O
4273,al,O,O
4274,den,O,O
4275,ghelaghe,O,O
4276,dat,O,O
4277,gheleghen,O,O
4278,es,O,O
4279,in,O,O
4280,euenen,O,O
4281,ende,O,O
4282,in,O,O
4283,ghelde,O,O
4284,in,O,O
4285,de,O,O
4286,pchie,O,O
4287,van,O,O
4288,velseke,B-LOC,B-LOC
4289,ende,O,O
4290,te,O,O
4291,desen,O,O
4292,vornoemden,O,O
4293,leene,O,O
4294,es,O,O
4295,de,O,O
4296,voerseide,O,O
4297,gillis,B-PERS,B-PERS
4298,comen,O,I-PERS
4299,wel,O,O
4300,ende,O,O
4301,wettelike,O,O
4302,bi,O,O
4303,manigghen,O,O
4304,van,O,O
4305,den,O,O
4306,he,O,O
4307,ende,O,O
4308,bi,O,O
4309,wiesdoeme,O,O
4310,van,O,O
4311,den,O,O
4312,manne,O,O
4313,ende,O,O
4314,bi,O,O
4315,wille,O,O
4316,ende,O,O
4317,bi,O,O
4318,consente,O,O
4319,van,O,O
4320,den,O,O
4321,wetteghen,O,O
4322,oir,O,O
4323,ende,O,O
4324,heeft,O,O
4325,er,O,O
4326,af,O,O
4327,ghedaen,O,O
4328,al,O,O
4329,dat,O,O
4330,hi,O,O
4331,sculdech,O,O
4332,was,O,O
4333,te,O,O
4334,doene,O,O
4335,den,O,O
4336,he,O,O
4337,en,O,O
4338,der,O,O
4339,wet,O,O
4340,ende,O,O
4341,dese,O,O
4342,voerseide,O,O
4343,manne,O,O
4344,gherart,B-PERS,B-PERS
4345,van,I-PERS,I-PERS
4346,boft,I-PERS,I-PERS
4347,gherart,B-PERS,B-PERS
4348,vanden,I-PERS,I-PERS
4349,berghe,I-PERS,I-PERS
4350,ende,O,O
4351,gher,B-PERS,B-PERS
4352,van,I-PERS,I-PERS
4353,reaghe,I-PERS,I-PERS
4354,hebbent,O,O
4355,voert,O,O
4356,kenleec,O,O
4357,ghemaect,O,O
4358,bi,O,O
4359,manigghe,O,O
4360,van,O,O
4361,den,O,O
4362,he,O,O
4363,ende,O,O
4364,bi,O,O
4365,wiesdoeme,O,O
4366,van,O,O
4367,den,O,O
4368,manne,O,O
4369,mijns,O,O
4370,hen,O,O
4371,andren,O,O
4372,mannen,O,O
4373,van,O,O
4374,sottenghe,B-LOC,B-LOC
4375,woutre,B-PERS,B-PERS
4376,vanden,I-PERS,I-PERS
4377,bghe,I-PERS,I-PERS
4378,janne,B-PERS,B-PERS
4379,vander,I-PERS,I-PERS
4380,hoeuen,I-PERS,I-PERS
4381,janne,B-PERS,B-PERS
4382,roesbeken,I-PERS,I-PERS
4383,ende,O,O
4384,janne,B-PERS,B-PERS
4385,den,I-PERS,I-PERS
4386,groeten,I-PERS,I-PERS
4387,ende,O,O
4388,ome,O,O
4389,dat,O,O
4390,dit,O,O
4391,vornoemde,O,O
4392,leen,O,O
4393,sal,O,O
4394,bliuen,O,O
4395,den,O,O
4396,voerseiden,O,O
4397,gillise,B-PERS,B-PERS
4398,gheliec,O,O
4399,datt,O,O
4400,vore,O,O
4401,ghesproken,O,O
4402,es,O,O
4403,goet,O,O
4404,vast,O,O
4405,en,O,O
4406,ghestade,O,O
4407,ende,O,O
4408,wel,O,O
4409,ghehouden,O,O
4410,teuweliken,O,O
4411,daghen,O,O
4412,hebbe,O,O
4413,wij,O,O
4414,manne,O,O
4415,vore,O,O
4416,ghenoemt,O,O
4417,mins,O,O
4418,hen,O,O
4419,van,O,O
4420,sottenghe,B-LOC,B-LOC
4421,gher,B-PERS,O
4422,van,I-PERS,O
4423,bost,I-PERS,O
4424,gher,B-PERS,B-PERS
4425,vanden,I-PERS,I-PERS
4426,berghe,I-PERS,I-PERS
4427,gher,B-PERS,B-PERS
4428,van,I-PERS,I-PERS
4429,reaghe,I-PERS,I-PERS
4430,woutre,B-PERS,B-PERS
4431,vande,I-PERS,I-PERS
4432,berghe,I-PERS,I-PERS
4433,jan,B-PERS,B-PERS
4434,vand,I-PERS,I-PERS
4435,hoeuen,I-PERS,I-PERS
4436,jan,B-PERS,B-PERS
4437,roesbeke,I-PERS,I-PERS
4438,ende,O,O
4439,jan,B-PERS,B-PERS
4440,de,I-PERS,I-PERS
4441,groete,I-PERS,I-PERS
4442,dese,O,O
4443,lettren,O,O
4444,gheseghelt,O,O
4445,met,O,O
4446,onsen,O,O
4447,ppre,O,O
4448,seghelen,O,O
4449,jn,O,O
4450,kenlecheden,O,O
4451,van,O,O
4452,waerheden,O,O
4453,dese,O,O
4454,kenleechede,O,O
4455,was,O,O
4456,ghedaen,O,O
4457,ende,O,O
4458,dese,O,O
4459,lettren,O,O
4460,waren,O,O
4461,ghemaect,O,O
4462,ende,O,O
4463,ghegheuen,O,O
4464,int,O,O
4465,jaer,O,O
4466,ons,O,O
4467,hen,O,O
4468,alse,O,O
4469,men,O,O
4470,screef,O,O
4471,dusentech,B-DATE,B-DATE
4472,drije,I-DATE,I-DATE
4473,hondert,I-DATE,I-DATE
4474,ende,I-DATE,I-DATE
4475,twintech,I-DATE,I-DATE
4476,jaer,I-DATE,I-DATE
4477,jn,I-DATE,I-DATE
4478,de,I-DATE,I-DATE
4479,maent,I-DATE,I-DATE
4480,die,I-DATE,I-DATE
4481,men,I-DATE,I-DATE
4482,heet,I-DATE,I-DATE
4483,maerte,I-DATE,B-DATE
4484,jn,O,O
4485,helsengh,B-LOC,O
4486,cochte,O,O
4487,der,O,O
4488,jacob,B-PERS,B-PERS
4489,va,I-PERS,I-PERS
4490,den,I-PERS,I-PERS
4491,putthe,I-PERS,I-PERS
4492,ieghe,O,O
4493,gillis,B-PERS,B-PERS
4494,hoir,O,O
4495,va,B-PERS,O
4496,heilbrouc,I-PERS,B-LOC
4497,achtien,B-MONEY,B-MONEY
4498,scellinghe,I-MONEY,I-MONEY
4499,e,O,O
4500,ij,O,O
4501,capoene,O,O
4502,erfleke,O,O
4503,siars,O,O
4504,bewijst,O,O
4505,op,O,O
4506,12,O,O
4507,bure,O,O
4508,lants,O,O
4509,lettel,O,O
4510,meer,O,O
4511,oft,O,O
4512,min,O,O
4513,e,O,O
4514,was,O,O
4515,wilen,O,O
4516,ene,O,O
4517,hofstat,O,O
4518,ligghende,O,O
4519,an,O,O
4520,euerards,B-LOC,B-PERS
4521,broukelkin,O,I-PERS
4522,an,O,O
4523,de,O,O
4524,west,O,O
4525,zide,O,O
4526,e,O,O
4527,hout,O,O
4528,ment,O,O
4529,van,O,O
4530,arnoude,B-PERS,B-PERS
4531,va,I-PERS,I-PERS
4532,den,I-PERS,I-PERS
4533,dorne,I-PERS,I-PERS
4534,e,O,O
4535,ghelt,O,O
4536,me,O,O
4537,t,O,O
4538,he,O,O
4539,af,O,O
4540,v,B-MONEY,O
4541,d,I-MONEY,O
4542,siaers,O,O
4543,va,O,O
4544,rente,O,O
4545,e,O,O
4546,xij,B-MONEY,B-MONEY
4547,d,I-MONEY,I-MONEY
4548,s,O,I-MONEY
4549,iaers,O,B-PERS
4550,va,O,I-PERS
4551,opwonste,O,I-PERS
4552,van,O,O
4553,den,O,O
4554,welken,O,O
4555,vorseide,O,O
4556,xviij,B-MONEY,B-MONEY
4557,sc,I-MONEY,I-MONEY
4558,par,I-MONEY,I-MONEY
4559,et,O,O
4560,ij,O,O
4561,cap,O,O
4562,siars,O,O
4563,de,O,O
4564,vornode,O,O
4565,her,O,O
4566,jacob,B-PERS,B-PERS
4567,gaf,O,I-PERS
4568,erfleke,O,I-PERS
4569,onsleden,O,O
4570,viij,B-MONEY,B-MONEY
4571,sc,I-MONEY,I-MONEY
4572,par,I-MONEY,I-MONEY
4573,e,O,O
4574,de,O,O
4575,ij,O,O
4576,cap,O,O
4577,siaers,O,O
4578,eweleke,O,O
4579,te,O,O
4580,gheldene,O,O
4581,telken,O,O
4582,kers,B-DATE,B-DATE
4583,om,O,O
4584,siin,O,O
4585,jaerghetede,O,O
4586,te,O,O
4587,doene,O,O
4588,e,O,O
4589,dandere,O,O
4590,x,B-MONEY,B-MONEY
4591,sc,I-MONEY,I-MONEY
4592,par,I-MONEY,I-MONEY
4593,siar,O,O
4594,gaf,O,O
4595,de,O,O
4596,vors,O,O
4597,her,O,O
4598,iacob,B-PERS,O
4599,den,O,O
4600,arme,O,O
4601,e,O,O
4602,der,O,O
4603,kerk,O,B-PERS
4604,van,O,I-PERS
4605,auden,B-LOC,I-PERS
4606,jn,O,O
4607,jaer,O,O
4608,m,B-DATE,B-DATE
4609,ccc,I-DATE,I-DATE
4610,xxxiij,I-DATE,I-DATE
4611,te,I-DATE,I-DATE
4612,paschen,I-DATE,I-DATE
4613,dat,O,O
4614,moeten,O,O
4615,weten,O,O
4616,alle,O,O
4617,die,O,O
4618,zijn,O,O
4619,ende,O,O
4620,selen,O,O
4621,zijn,O,O
4622,dat,O,O
4623,jonfrouwe,O,O
4624,ysabeel,B-PERS,O
4625,van,I-PERS,O
4626,den,I-PERS,O
4627,hueueruws,I-PERS,O
4628,brochgraefhinne,O,O
4629,van,O,O
4630,aelst,B-PERS,O
4631,heeft,O,O
4632,verkent,O,O
4633,alse,O,O
4634,van,O,O
4635,goeder,O,O
4636,scult,O,O
4637,mire,O,O
4638,vrouwen,O,O
4639,der,O,O
4640,prieusen,O,O
4641,harre,O,O
4642,zuster,O,O
4643,jonfrouwe,O,O
4644,katelinen,B-PERS,B-PERS
4645,van,I-PERS,I-PERS
4646,den,I-PERS,I-PERS
4647,hueueruws,I-PERS,I-PERS
4648,harre,O,O
4649,zuster,O,O
4650,broeder,O,O
4651,goessine,B-PERS,B-PERS
4652,barnagen,I-PERS,I-PERS
4653,den,O,O
4654,her,O,O
4655,jane,B-PERS,B-PERS
4656,den,I-PERS,I-PERS
4657,tolneere,I-PERS,I-PERS
4658,pchipape,O,O
4659,van,O,O
4660,vse,B-LOC,O
4661,den,O,O
4662,her,O,O
4663,willemme,B-PERS,B-PERS
4664,dauid,I-PERS,I-PERS
4665,pchipape,O,O
4666,van,O,O
4667,lede,B-LOC,O
4668,heinricke,B-PERS,B-PERS
4669,van,I-PERS,I-PERS
4670,landighem,I-PERS,I-PERS
4671,haren,O,O
4672,neve,O,O
4673,philips,B-PERS,O
4674,sansen,I-PERS,O
4675,en,O,O
4676,oliuiere,B-PERS,B-PERS
4677,van,I-PERS,I-PERS
4678,der,I-PERS,I-PERS
4679,courben,I-PERS,I-PERS
4680,den,O,O
4681,jongghen,O,O
4682,en,O,O
4683,elken,O,O
4684,ouer,O,O
4685,al,O,O
4686,iiijxx,B-MONEY,B-MONEY
4687,lb,I-MONEY,I-MONEY
4688,groeter,I-MONEY,I-MONEY
4689,torn,I-MONEY,I-MONEY
4690,eenen,B-MONEY,I-MONEY
4691,groeten,I-MONEY,I-MONEY
4692,torn,I-MONEY,I-MONEY
4693,ouer,O,O
4694,eenen,B-MONEY,O
4695,penninc,I-MONEY,O
4696,ofte,O,O
4697,mute,O,O
4698,naer,O,O
4699,de,O,O
4700,weerde,O,O
4701,ome,O,O
4702,arnoud,B-PERS,B-PERS
4703,barnages,I-PERS,I-PERS
4704,testament,O,O
4705,en,O,O
4706,haers,O,O
4707,selfs,O,O
4708,testament,O,O
4709,mede,O,O
4710,te,O,O
4711,vuldoenne,O,B-LOC
4712,ghelijc,O,O
4713,dat,O,O
4714,de,O,O
4715,testamente,O,O
4716,in,O,O
4717,handen,O,O
4718,ende,O,O
4719,dese,O,O
4720,vorseide,O,O
4721,iiijxx,B-MONEY,B-MONEY
4722,lb,I-MONEY,I-MONEY
4723,groet,I-MONEY,I-MONEY
4724,torn,I-MONEY,I-MONEY
4725,so,O,O
4726,heeft,O,O
4727,jonfrouwe,O,O
4728,ysabeel,B-PERS,O
4729,vorseit,O,O
4730,bewijst,O,O
4731,met,O,O
4732,voegde,O,O
4733,te,O,O
4734,hebbenne,O,O
4735,ende,O,O
4736,te,O,O
4737,heffenne,O,O
4738,den,O,O
4739,vorseiden,O,O
4740,psonen,O,O
4741,ofte,O,O
4742,den,O,O
4743,tween,O,O
4744,ofte,O,O
4745,den,O,O
4746,drien,O,O
4747,van,O,O
4748,hemlieden,O,O
4749,die,O,O
4750,dese,O,O
4751,cyrographie,O,O
4752,te,O,O
4753,hemwaert,O,O
4754,hebben,O,O
4755,sullen,O,O
4756,te,O,O
4757,haerlieder,O,O
4758,wille,O,O
4759,op,O,O
4760,al,O,O
4761,tgoet,O,O
4762,dat,O,O
4763,soe,O,O
4764,heeft,O,O
4765,ende,O,O
4766,hebben,O,O
4767,mach,O,O
4768,beede,O,O
4769,erue,O,O
4770,cateilen,O,O
4771,chens,O,O
4772,lant,O,O
4773,ende,O,O
4774,eyghin,O,O
4775,en,O,O
4776,iii,O,O
4777,s,O,O
4778,wat,O,O
4779,manieren,O,O
4780,van,O,O
4781,goede,O,O
4782,dat,O,O
4783,es,O,O
4784,ende,O,O
4785,so,O,O
4786,waer,O,O
4787,dat,O,O
4788,gheleghen,O,O
4789,es,O,O
4790,ende,O,O
4791,ware,O,O
4792,daer,O,O
4793,an,O,O
4794,eeneghe,O,O
4795,faute,O,O
4796,so,O,O
4797,heeft,O,O
4798,soe,O,O
4799,de,O,O
4800,bladingghen,O,O
4801,van,O,O
4802,haren,O,O
4803,leenen,O,O
4804,tote,O,O
4805,iii,O,O
4806,jaere,O,O
4807,lanc,O,O
4808,achter,O,O
4809,een,O,O
4810,daer,O,O
4811,toe,O,O
4812,gheleit,O,O
4813,ome,O,O
4814,die,O,O
4815,some,O,O
4816,van,O,O
4817,ghelde,O,O
4818,daer,O,O
4819,an,O,O
4820,te,O,O
4821,vulhebbenne,O,O
4822,ende,O,O
4823,voert,O,O
4824,so,O,O
4825,es,O,O
4826,te,O,O
4827,wetenne,O,O
4828,ware,O,O
4829,dat,O,O
4830,sake,O,O
4831,dat,O,O
4832,hiemen,O,O
4833,belette,O,O
4834,ofte,O,O
4835,beletten,O,O
4836,wilde,O,O
4837,den,O,O
4838,personen,O,O
4839,vorseit,O,O
4840,de,O,O
4841,vorseide,O,O
4842,somme,O,O
4843,van,O,O
4844,ghelde,O,O
4845,te,O,O
4846,hinne,O,O
4847,in,O,O
4848,der,O,O
4849,manieren,O,O
4850,vorseit,O,O
4851,so,O,O
4852,heeft,O,O
4853,jonfr,O,O
4854,ysabeele,B-PERS,B-PERS
4855,vorseit,O,O
4856,verkent,O,O
4857,alse,O,O
4858,van,O,O
4859,goeder,O,O
4860,scult,O,O
4861,te,O,O
4862,hebbenne,O,O
4863,ende,O,O
4864,te,O,O
4865,heffenne,O,O
4866,den,O,O
4867,vorseiden,O,O
4868,psonen,O,O
4869,ij,B-MONEY,B-MONEY
4870,lb,I-MONEY,I-MONEY
4871,paris,I-MONEY,I-MONEY
4872,ome,O,O
4873,te,O,O
4874,gheuenne,O,O
4875,deen,O,O
4876,derdendeel,O,O
4877,den,O,O
4878,graue,O,O
4879,van,O,O
4880,vlaendren,B-LOC,B-PERS
4881,dander,O,O
4882,derdendeel,O,O
4883,den,O,O
4884,bisscop,O,O
4885,van,O,O
4886,dorneke,B-LOC,B-LOC
4887,ome,O,O
4888,de,O,O
4889,ghene,O,O
4890,dmede,O,O
4891,te,O,O
4892,bedwingghenne,O,O
4893,die,O,O
4894,den,O,O
4895,vorseiden,O,O
4896,psonen,O,O
4897,beletten,O,O
4898,ofte,O,O
4899,beletten,O,O
4900,wilden,O,O
4901,de,O,O
4902,vorseide,O,O
4903,iiijxx,B-MONEY,B-MONEY
4904,lb,I-MONEY,I-MONEY
4905,gro,I-MONEY,I-MONEY
4906,torn,I-MONEY,I-MONEY
4907,te,O,O
4908,hinne,O,O
4909,ende,O,O
4910,terde,O,O
4911,derden,O,O
4912,deel,O,O
4913,van,O,O
4914,den,O,O
4915,ij,B-MONEY,B-MONEY
4916,lb,I-MONEY,I-MONEY
4917,paris,I-MONEY,I-MONEY
4918,te,O,O
4919,hebbenne,O,O
4920,ende,O,O
4921,te,O,O
4922,heffenne,O,O
4923,den,O,O
4924,psonen,O,O
4925,vorseit,O,O
4926,ome,O,O
4927,te,O,O
4928,veruolghenne,O,O
4929,en,O,O
4930,te,O,O
4931,hinne,O,O
4932,de,O,O
4933,vorseide,O,O
4934,iiijxx,B-MONEY,B-MONEY
4935,lb,I-MONEY,I-MONEY
4936,groet,I-MONEY,I-MONEY
4937,torn,I-MONEY,I-MONEY
4938,ende,O,O
4939,al,O,O
4940,dat,O,O
4941,hier,O,O
4942,vorseit,O,O
4943,es,O,O
4944,dat,O,O
4945,heeft,O,O
4946,jonfrouwe,O,O
4947,ysabeel,B-PERS,O
4948,vorseit,O,O
4949,bewijst,O,O
4950,met,O,O
4951,voegde,O,O
4952,op,O,O
4953,al,O,O
4954,haer,O,O
4955,goet,O,O
4956,vors,O,O
4957,ende,O,O
4958,al,O,O
4959,dit,O,O
4960,was,O,O
4961,ghedaen,O,O
4962,bi,O,O
4963,consente,O,O
4964,ende,O,O
4965,bi,O,O
4966,wille,O,O
4967,van,O,O
4968,haren,O,O
4969,hautsten,O,O
4970,hoere,O,O
4971,ende,O,O
4972,baerblijcsten,O,O
4973,jonfrouwe,O,O
4974,katelinen,B-PERS,B-PERS
4975,van,I-PERS,I-PERS
4976,den,I-PERS,I-PERS
4977,hueueruws,I-PERS,I-PERS
4978,ende,O,O
4979,bi,O,O
4980,csente,O,O
4981,en,O,O
4982,bi,O,O
4983,wille,O,O
4984,van,O,O
4985,jan,B-PERS,B-PERS
4986,barnagen,I-PERS,I-PERS
4987,en,O,O
4988,met,O,O
4989,voegde,O,O
4990,hier,O,O
4991,ouer,O,O
4992,so,O,O
4993,was,O,O
4994,der,O,O
4995,gheerart,B-PERS,B-PERS
4996,wauel,I-PERS,I-PERS
4997,alse,O,O
4998,schepenne,O,O
4999,in,O,O
5000,auden,B-LOC,B-LOC
5001,ende,O,O
5002,fransoys,B-PERS,B-PERS
5003,van,I-PERS,I-PERS
5004,warighem,I-PERS,I-PERS
5005,alse,O,O
5006,heruachteche,O,O
5007,dit,O,O
5008,was,O,O
5009,ghedaen,O,O
5010,jnt,O,O
5011,jaer,O,O
5012,ons,O,O
5013,heeren,O,O
5014,mccc,B-DATE,B-DATE
5015,ende,I-DATE,I-DATE
5016,xliij,I-DATE,I-DATE
5017,jn,I-DATE,I-DATE
5018,sente,I-DATE,I-DATE
5019,pieters,I-DATE,I-DATE
5020,en,I-DATE,I-DATE
5021,sente,I-DATE,I-DATE
5022,pauwels,I-DATE,I-DATE
5023,daghe,I-DATE,I-DATE
5024,weten,O,O
5025,alle,O,O
5026,de,O,O
5027,ghene,O,O
5028,die,O,O
5029,siin,O,O
5030,e,O,O
5031,selen,O,O
5032,siin,O,O
5033,dat,O,O
5034,joncvro,O,O
5035,magriete,B-PERS,B-PERS
5036,van,I-PERS,I-PERS
5037,rume,I-PERS,I-PERS
5038,heeft,O,O
5039,ontfaen,O,O
5040,e,O,O
5041,es,O,O
5042,gheerft,O,O
5043,wel,O,O
5044,e,O,O
5045,wettelike,O,O
5046,na,O,O
5047,de,O,O
5048,costume,O,O
5049,e,O,O
5050,dusage,O,O
5051,van,O,O
5052,den,O,O
5053,lande,O,O
5054,jn,O,O
5055,ellef,O,O
5056,vierendel,O,O
5057,lants,O,O
5058,dat,O,O
5059,te,O,O
5060,houdene,O,O
5061,jn,O,O
5062,alsulker,O,O
5063,manieren,O,O
5064,et,O,O
5065,der,O,O
5066,seluer,O,O
5067,vormen,O,O
5068,dat,O,O
5069,houdende,O,O
5070,was,O,O
5071,joncvro,O,O
5072,anes,B-PERS,B-PERS
5073,van,I-PERS,I-PERS
5074,musebrouc,I-PERS,I-PERS
5075,dat,O,O
5076,es,O,O
5077,te,O,O
5078,wetene,O,O
5079,dat,O,O
5080,soet,O,O
5081,cochte,O,O
5082,jeghen,O,O
5083,michiele,B-PERS,B-PERS
5084,barlebane,I-PERS,I-PERS
5085,et,O,O
5086,gaeft,O,O
5087,hem,O,O
5088,erflike,O,O
5089,omme,O,O
5090,xxxvi,B-MONEY,B-MONEY
5091,sc,I-MONEY,I-MONEY
5092,paris,I-MONEY,I-MONEY
5093,siars,O,O
5094,te,O,O
5095,gheldene,O,O
5096,te,O,O
5097,kersauonde,B-DATE,B-DATE
5098,et,O,O
5099,ne,O,O
5100,gonde,O,O
5101,hiit,O,O
5102,niet,O,O
5103,et,O,O
5104,de,O,O
5105,ghene,O,O
5106,diet,O,O
5107,na,O,O
5108,he,O,O
5109,houden,O,O
5110,selen,O,O
5111,siars,O,O
5112,binnen,O,O
5113,den,O,O
5114,vieren,O,O
5115,kersdaghen,O,O
5116,so,O,O
5117,ware,O,O
5118,die,O,O
5119,vorseide,O,O
5120,xi,O,O
5121,vierend,O,B-LOC
5122,lants,O,O
5123,vburt,O,O
5124,et,O,O
5125,mochter,O,O
5126,die,O,O
5127,vors,O,O
5128,joncv,O,O
5129,anes,B-PERS,B-PERS
5130,hant,O,O
5131,an,O,O
5132,slaen,O,O
5133,et,O,O
5134,berghen,O,O
5135,et,O,O
5136,dalen,O,O
5137,gheliic,O,O
5138,hare,O,O
5139,ander,O,O
5140,eruen,O,O
5141,et,O,O
5142,jn,O,O
5143,allen,O,O
5144,dese,O,O
5145,vors,O,O
5146,pointen,O,O
5147,sonder,O,O
5148,meerne,O,O
5149,mindere,O,O
5150,et,O,O
5151,enech,O,O
5152,of,O,O
5153,doen,O,O
5154,so,O,O
5155,heeft,O,O
5156,joncv,O,O
5157,magriete,B-PERS,B-PERS
5158,van,I-PERS,I-PERS
5159,rume,I-PERS,I-PERS
5160,vor,O,O
5161,ghenomt,O,O
5162,dese,O,O
5163,vors,O,O
5164,xi,O,O
5165,vier,O,O
5166,lants,O,O
5167,ontfaen,O,O
5168,et,O,O
5169,esser,O,O
5170,wel,O,O
5171,et,O,O
5172,wettelike,O,O
5173,jn,O,O
5174,ghe,O,O
5175,ereft,O,O
5176,als,O,O
5177,vorseit,O,O
5178,es,O,O
5179,vore,O,O
5180,steuen,B-PERS,B-PERS
5181,den,I-PERS,I-PERS
5182,bartmacre,I-PERS,I-PERS
5183,bailiou,O,O
5184,sprofts,O,B-PERS
5185,van,O,I-PERS
5186,petenghe,B-LOC,I-PERS
5187,jhan,B-PERS,B-PERS
5188,bonen,I-PERS,I-PERS
5189,piet,B-PERS,B-PERS
5190,van,I-PERS,I-PERS
5191,heilebrouc,I-PERS,I-PERS
5192,e,O,O
5193,gherard,B-PERS,B-PERS
5194,den,I-PERS,I-PERS
5195,parmentier,I-PERS,I-PERS
5196,scepenen,O,O
5197,sforseits,O,O
5198,profts,O,O
5199,orconden,O,O
5200,der,O,O
5201,jhan,B-PERS,B-PERS
5202,prochipape,O,I-PERS
5203,van,O,O
5204,mo,B-LOC,O
5205,renghe,I-LOC,B-PERS
5206,deken,O,I-PERS
5207,van,O,O
5208,oudenarde,B-LOC,B-LOC
5209,sust,O,O
5210,beats,B-PERS,O
5211,peuse,O,O
5212,van,O,O
5213,den,O,O
5214,spetale,O,O
5215,van,O,O
5216,ouden,B-LOC,O
5217,maes,B-PERS,B-PERS
5218,vancaleberghe,I-PERS,I-PERS
5219,jhan,B-PERS,B-PERS
5220,nose,I-PERS,I-PERS
5221,hannek,B-PERS,O
5222,moenard,I-PERS,O
5223,te,O,O
5224,dien,O,O
5225,tiden,O,O
5226,clerc,O,O
5227,jnt,O,O
5228,spetail,O,O
5229,touden,B-LOC,O
5230,t,O,O
5231,was,O,O
5232,ghed,O,O
5233,jnt,O,O
5234,jaer,O,O
5235,van,O,O
5236,gcien,O,O
5237,mccc,B-DATE,B-DATE
5238,e,I-DATE,I-DATE
5239,viue,I-DATE,I-DATE
5240,jn,I-DATE,I-DATE
5241,meie,I-DATE,I-DATE
5242,jnt,O,I-DATE
5243,spetail,O,I-DATE
5244,in,O,I-DATE
5245,der,O,I-DATE
5246,peuser,O,I-DATE
5247,camere,O,I-DATE
5248,ant,O,I-DATE
5249,kerchof,O,I-DATE
